variable,long_name,units,ice_daily,ice_month,ice_static,ocean_annual,ocean_annual_z,ocean_cobalt_btm,ocean_cobalt_daily_2d,ocean_cobalt_fdet_100,ocean_cobalt_fluxes_int,ocean_cobalt_omip_2d,ocean_cobalt_omip_daily,ocean_cobalt_omip_rates_year_z,ocean_cobalt_omip_sfc,ocean_cobalt_sfc,ocean_cobalt_tracers_instant,ocean_cobalt_tracers_int,ocean_cobalt_tracers_month_z,ocean_daily,ocean_month,ocean_month_snap,ocean_month_z,ocean_static,sea_ice_geometry,,
EXT,ice modeled,0 or 1,y,y,,,,,,,,,,,,,,,,,,,,,,,
ALB,"Shortwave flux weighted surface albedo, or 1 if no SW",0-1,,y,,,,,,,,,,,,,,,,,,,,,,,
BHEAT,ocean to ice heat flux,W/m^2,,y,,,,,,,,,,,,,,,,,,,,,,,
BMELT,bottom surface melting energy flux,W/m^2,,y,,,,,,,,,,,,,,,,,,,,,,,
BSNK,frozen water local bottom sink,kg/(m^2*yr),,y,,,,,,,,,,,,,,,,,,,,,,,
CALVING,frozen runoff,kg/(m^2*s),,y,,,,,,,,,,,,,,,,,,,,,,,
CALVING_HFLX,frozen runoff sensible heat flux,W/m^2,,y,,,,,,,,,,,,,,,,,,,,,,,
CN,ice concentration,0-1,,y,,,,,,,,,,,,,,,,,,,,,,,
E2MELT,heat needed to melt ice,J/m^2,,y,,,,,,,,,,,,,,,,,,,,,,,
EXT_MIN,ice modeled,0 or 1,,y,,,,,,,,,,,,,,,,,,,,,,,
EXT_MAX,ice modeled,0 or 1,,y,,,,,,,,,,,,,,,,,,,,,,,
FA_X,Air stress on ice on C-grid - x component,Pa,,y,,,,,,,,,,,,,,,,,,,,,,,
FA_Y,Air stress on ice on C-grid - y component,Pa,,y,,,,,,,,,,,,,,,,,,,,,,,
FI_X,ice internal stress - x component,Pa,,y,,,,,,,,,,,,,,,,,,,,,,,
FI_Y,ice internal stress - y component,Pa,,y,,,,,,,,,,,,,,,,,,,,,,,
FRAZIL,energy flux of frazil formation,W/m^2,,y,,,,,,,,,,,,,,,,,,,,,,,
IX_TRANS,x-direction ice transport,kg/s,,y,,,,,,,,,,,,,,,,,,,,,,,
IY_TRANS,y-direction ice transport,kg/s,,y,,,,,,,,,,,,,,,,,,,,,,,
LSNK,frozen water local sink,kg/(m^2*yr),,y,,,,,,,,,,,,,,,,,,,,,,,
LSRC,frozen water local source,kg/(m^2*yr),,y,,,,,,,,,,,,,,,,,,,,,,,
SALTF,ice to ocean salt flux,kg/(m^2*s),,y,,,,,,,,,,,,,,,,,,,,,,,
SNOWFL,rate of snow fall,kg/(m^2*s),,y,,,,,,,,,,,,,,,,,,,,,,,
SN2IC,rate of snow to ice conversion,kg/(m^2*s),,y,,,,,,,,,,,,,,,,,,,,,,,
TMELT,upper surface melting energy flux,W/m^2,,y,,,,,,,,,,,,,,,,,,,,,,,
TSN,snow layer temperature,C,,y,,,,,,,,,,,,,,,,,,,,,,,
T1,ice layer 1 temperature,C,,y,,,,,,,,,,,,,,,,,,,,,,,
T2,ice layer 2 temperature,C,,y,,,,,,,,,,,,,,,,,,,,,,,
T3,ice layer 3 temperature,C,,y,,,,,,,,,,,,,,,,,,,,,,,
T4,ice layer 4 temperature,C,,y,,,,,,,,,,,,,,,,,,,,,,,
XPRT,frozen water transport convergence,kg/(m^2*yr),,y,,,,,,,,,,,,,,,,,,,,,,,
siu,ice velocity - x component,m/s,,y,,,,,,,,,,,,,,,,,,,,,,,
siv,ice velocity - y component,m/s,,y,,,,,,,,,,,,,,,,,,,,,,,
sispeed,ice speed,m/s,,y,,,,,,,,,,,,,,,,,,,,,,,
STRENGTH_hf,ice strength,Pa*m,,y,,,,,,,,,,,,,,,,,,,,,,,
sitimefrac,time fraction of ice cover,0-1,,y,,,,,,,,,,,,,,,,,,,,,,,
sitemptop,surface temperature,C,,y,,,,,,,,,,,,,,,,,,,,,,,
siconc,ice concentration,0-1,,y,,,,,,,,,,,,,,,,,,,,,,,
sisnconc,snow concentration,0-1,,y,,,,,,,,,,,,,,,,,,,,,,,
simass,ice mass,kg/m^2,,y,,,,,,,,,,,,,,,,,,,,,,,
sisnmass,snow mass,kg/m^2,,y,,,,,,,,,,,,,,,,,,,,,,,
sisnthick,snow thickness,m-snow,,y,,,,,,,,,,,,,,,,,,,,,,,
sithick,ice thickness,m-ice,,y,,,,,,,,,,,,,,,,,,,,,,,
sivol,ice volume,m-ice,,y,,,,,,,,,,,,,,,,,,,,,,,
MIB,ice + snow + bergs mass,kg/m^2,,y,,,,,,,,,,,,,,,,,,,,,,,
CELL_AREA,cell area,sphere,,,y,,,,,,,,,,,,,,,,,,,,,,
COSROT,"COSROT,SINROT points east",N/A,,,y,,,,,,,,,,,,,,,,,,,,,,
GEOLAT,latitude,degrees,,,y,,,,,,,,,,,,,,,,,,,,,,
GEOLON,longitude,degrees,,,y,,,,,,,,,,,,,,,,,,,,,,
SINROT,"-SINROT,COSROT points north",N/A,,,y,,,,,,,,,,,,,,,,,,,,,,
volcello,Ocean grid-cell volume,m3,,,,y,y,,,,,,,y,,,,,y,,,,y,,,,
pbo,Sea Water Pressure at Sea Floor,Pa,,,,y,,,,,,,,,,,,,,,y,,,,,,
masscello,Mass per unit area of liquid ocean grid cell,kg m-2,,,,y,,,,,,,,,,,,,,,,,,,,,
thkcello,Cell Thickness,m,,,,y,,,,,,,,,,,,,,,,,,,,,
ssh,Sea Surface Height,m,,,,y,,,,,,,,,,,,,,y,y,,,,,,
zossq,Square of sea surface height above geoid,m2,,,,y,,,,,,,,,,,,,,,y,,,,,,
thetao,Sea Water Potential Temperature,degC,,,,y,y,,,,,,,,,,,,,,,,y,,,,
tos,Sea Surface Temperature,degC,,,,y,,,,,,,,,,,,,,y,y,,,,,,
tossq,Square of Sea Surface Temperature,degC2,,,,y,,,,,,,,,,,,,,y,y,,,,,,
tob,Sea Water Potential Temperature at Sea Floor,degC,,,,y,,,,,,,,,,,,,,y,y,,,,,,
so,Sea Water Salinity,psu,,,,y,y,,,,,,,,,,,,,,,,y,,,,
sos,Sea Surface Salinity,psu,,,,y,,,,,,,,,,,,,,y,y,,,,,,
sossq,Square of Sea Surface Salinity,psu2,,,,y,,,,,,,,,,,,,,y,y,,,,,,
sob,Sea Water Salinity at Sea Floor,psu,,,,y,,,,,,,,,,,,,,y,y,,,,,,
mlotstmin,Ocean Mixed Layer Thickness Defined by Sigma T,m,,,,y,,,,,,,,,,,,,,,y,,,,,,
mlotstmax,Ocean Mixed Layer Thickness Defined by Sigma T,m,,,,y,,,,,,,,,,,,,,,y,,,,,,
T_adx_2d,Vertically Integrated Advective Zonal Flux of Heat,W,,,,y,,,,,,,,,,,,,,,y,,,,,,
T_ady_2d,Vertically Integrated Advective Meridional Flux of Heat,W,,,,y,,,,,,,,,,,,,,,y,,,,,,
umo_2d,Ocean Mass X Transport Vertical Sum,kg s-1,,,,y,,,,,,,,,,,,,,,y,,,,,,
vmo_2d,Ocean Mass Y Transport Vertical Sum,kg s-1,,,,y,,,,,,,,,,,,,,,y,,,,,,
prlq,Rainfall Flux where Ice Free Ocean over Sea,kg m-2 s-1,,,,y,,,,,,,,,,,,,,,y,,,,,,
prsn,Snowfall Flux where Ice Free Ocean over Sea,kg m-2 s-1,,,,y,,,,,,,,,,,,,,,y,,,,,,
evs,Water Evaporation Flux Where Ice Free Ocean over Sea,kg m-2 s-1,,,,y,,,,,,,,,,,,,,,y,,,,,,
friver,Water Flux into Sea Water From Rivers,kg m-2 s-1,,,,y,,,,,,,,,,,,,,,y,,,,,,
wfo,Water Flux Into Sea Water,kg m-2 s-1,,,,y,,,,,,,,,,,,,,,y,,,,,,
net_massout,"Net mass leaving the ocean due to evaporation, seaice formation",kg m-2 s-1,,,,y,,,,,,,,,,,,,,,y,,,,,,
net_massin,"Net mass entering ocean due to precip, runoff, ice melt",kg m-2 s-1,,,,y,,,,,,,,,,,,,,,y,,,,,,
sfdsi,Downward Sea Ice Basal Salt Flux,kg m-2 s-1,,,,y,,,,,,,,,,,,,,,y,,,,,,
hfrainds,Heat content (relative to 0degC) of liquid+frozen precip entering ocean,W m-2,,,,y,,,,,,,,,,,,,,,y,,,,,,
hfevapds,Heat Content (relative to 0degC) of Water Leaving Ocean via Evaporation and Ice Formation,W m-2,,,,y,,,,,,,,,,,,,,,y,,,,,,
hfrunoffds,Heat content (relative to 0C) of liquid+solid runoff into ocean,W m-2,,,,y,,,,,,,,,,,,,,,y,,,,,,
hfsnthermds,Latent Heat to Melt Frozen Precipitation,W m-2,,,,y,,,,,,,,,,,,,,,y,,,,,,
hfsifrazil,Heat Flux into Sea Water due to Frazil Ice Formation,W m-2,,,,y,,,,,,,,,,,,,,,y,,,,,,
rlntds,Surface Net Downward Longwave Radiation,W m-2,,,,y,,,,,,,,,,,,,,,y,,,,,,
hflso,Surface Downward Latent Heat Flux due to Evap + Melt Snow/Ice,W m-2,,,,y,,,,,,,,,,,,,,,y,,,,,,
hfsso,Surface Downward Sensible Heat Flux,W m-2,,,,y,,,,,,,,,,,,,,,y,,,,,,
rsntds,Net Downward Shortwave Radiation at Sea Water Surface,W m-2,,,,y,,,,,,,,,,,,,,,y,,,,,,
rsdo,Downwelling Shortwave Flux in Sea Water at Grid Cell Upper Interface,W m-2,,,,y,,,,,,,,,,,,,,,,,y,,,,
hfds,Surface ocean heat flux from SW+LW+latent+sensible+masstransfer+frazil+seaice_melt_heat,W m-2,,,,y,,,,,,,,,,,,,,,y,,,,,,
net_heat_coupler,Surface ocean heat flux from SW+LW+latent+sensible+seaice_melt_heat (via the coupler),W m-2,,,,y,,,,,,,,,,,,,,,y,,,,,,
heat_content_massin,Heat content (relative to 0degC) of net mass entering ocean ocean,W m-2,,,,y,,,,,,,,,,,,,,,y,,,,,,
heat_content_massout,Heat content (relative to 0degC) of net mass leaving ocean ocean via evap and ice form,W m-2,,,,y,,,,,,,,,,,,,,,y,,,,,,
heat_content_surfwater,Heat content (relative to 0degC) of net water crossing ocean surface (frozen+liquid),W m-2,,,,y,,,,,,,,,,,,,,,y,,,,,,
heat_content_fprec,Heat content (relative to 0degC) of frozen prec entering ocean,W m-2,,,,y,,,,,,,,,,,,,,,y,,,,,,
heat_content_cond,Heat content (relative to 0degC) of water condensing into ocean,W m-2,,,,y,,,,,,,,,,,,,,,y,,,,,,
LwLatSens,"Combined longwave, latent, and sensible heating at ocean surface",W m-2,,,,y,,,,,,,,,,,,,,,y,,,,,,
Heat_PmE,Heat flux into ocean from mass flux into ocean,W m-2,,,,y,,,,,,,,,,,,,,,y,,,,,,
nonpenSW,"Non-downwelling SW radiation (i.e., SW absorbed in ocean surface with LW,SENS,LAT)",W m-2,,,,y,,,,,,,,,,,,,,,,,,,,,
tauuo,Surface Downward X Stress,N m-2,,,,y,,,,,,,,,,,,,,,y,,,,,,
tauvo,Surface Downward Y Stress,N m-2,,,,y,,,,,,,,,,,,,,,y,,,,,,
ustar,Surface friction velocity = [(gustiness + tau_magnitude)/rho0]^(1/2),m s-1,,,,y,,,,,,,,,,,,,,,y,,,,,,
opottempmint,integral_wrt_depth_of_product_of_sea_water_density_and_potential_temperature,degC kg m-2,,,,y,,,,,,,,,,,,,,,,y,,,,,
somint,integral_wrt_depth_of_product_of_sea_water_density_and_salinity,psu kg m-2,,,,y,,,,,,,,,,,,,,,,y,,,,,
difmxybo,Ocean lateral biharmonic viscosity,m4 s-1,,,,y,y,,,,,,,,,,,,,,,,,,,,
e,Interface Height Relative to Mean Sea Level,m,,,,y,,,,,,,,,,,,,,,,,,,,,
speed,Sea Surface Speed,m s-1,,,,y,,,,,,,,,,,,,,,y,,,,,,
KE,Layer kinetic energy per unit mass,m2 s-2,,,,y,,,,,,,,,,,,,,,,,,,,,
mass_wt,The column mass for calculating mass-weighted average properties,kg m-2,,,,y,,,,,,,,,,,,,,,,y,,,,,
MLD_003,Mixed layer depth (delta rho = 0.03),m,,,,y,,,,,,,,,,,,,,,y,,,,,,
MLD_003_min,Mixed layer depth (delta rho = 0.03),m,,,,y,,,,,,,,,,,,,,,,,,,,,
MLD_003_max,Mixed layer depth (delta rho = 0.03),m,,,,y,,,,,,,,,,,,,,,,,,,,,
MLD_EN1,Mixed layer depth for energy value set to      25.00 J/m2 (Energy set by 1st MLD_EN_VALS),m,,,,y,,,,,,,,,,,,,,,y,,,,,,
MSTAR,Total mstar that is used.,nondim,,,,y,,,,,,,,,,,,,,,y,,,,,,
subML_N2,Squared buoyancy frequency below mixed layer,s-2,,,,y,,,,,,,,,,,,,,,,,,,,,
tos_max,Sea Surface Temperature,degC,,,,y,,,,,,,,,,,,,,,,,,,,,
tos_min,Sea Surface Temperature,degC,,,,y,,,,,,,,,,,,,,,,,,,,,
diabatic_diff_temp_tendency,Diabatic diffusion temperature tendency,degC s-1,,,,y,,,,,,,,,,,,,,,,,,,,,
diabatic_diff_saln_tendency,Diabatic diffusion salinity tendency,psu s-1,,,,y,,,,,,,,,,,,,,,,,,,,,
T_tendency,Net time tendency for potential temperature,degC s-1,,,,y,,,,,,,,,,,,,,,,,,,,,
S_tendency,Net time tendency for salinity,psu s-1,,,,y,,,,,,,,,,,,,,,,,,,,,
opottemptend_2d,Tendency of Sea Water Potential Temperature Expressed as Heat Content Vertical Sum,W m-2,,,,y,,,,,,,,,,,,,,,,,,,,,
osalttend_2d,Tendency of Sea Water Salinity Expressed as Salt Content Vertical Sum,kg m-2 s-1,,,,y,,,,,,,,,,,,,,,,,,,,,
T_advection_xy_2d,Vertical sum of horizontal convergence of residual mean advective fluxes of heat,W m-2,,,,y,,,,,,,,,,,,,,,,,,,,,
S_advection_xy_2d,Vertical sum of horizontal convergence of residual mean advective fluxes of salt,kg m-2 s-1,,,,y,,,,,,,,,,,,,,,,,,,,,
T_tendency_vert_remap,Vertical remapping tracer concentration tendency for temp,degC s-1,,,,y,,,,,,,,,,,,,,,,,,,,,
S_tendency_vert_remap,Vertical remapping tracer concentration tendency for salt,psu s-1,,,,y,,,,,,,,,,,,,,,,,,,,,
Th_tendency_vert_remap_2d,Vertical sum of vertical remapping tracer content tendency for Heat,W m-2,,,,y,,,,,,,,,,,,,,,,,,,,,
Sh_tendency_vert_remap_2d,Vertical sum of vertical remapping tracer content tendency for Salt,kg m-2 s-1,,,,y,,,,,,,,,,,,,,,,,,,,,
frazil_heat_tendency_2d,Depth integrated heat tendency due to frazil formation,W m-2,,,,y,,,,,,,,,,,,,,,,,,,,,
boundary_forcing_heat_tendency_2d,Depth integrated boundary forcing of ocean heat,W m-2,,,,y,,,,,,,,,,,,,,,,,,,,,
boundary_forcing_salt_tendency_2d,Depth integrated boundary forcing of ocean salt,kg m-2 s-1,,,,y,,,,,,,,,,,,,,,,,,,,,
thetao_xyave,Sea Water Potential Temperature,degC,,,,,y,,,,,,,,,,,,,,,,,,,,
so_xyave,Sea Water Salinity,psu,,,,,y,,,,,,,,,,,,,,,,,,,,
uo,Sea Water X Velocity,m s-1,,,,,y,,,,,,,,,,,,,,,,y,,,,
vo,Sea Water Y Velocity,m s-1,,,,,y,,,,,,,,,,,,,,,,y,,,,
umo,Ocean Mass X Transport,kg s-1,,,,,y,,,,,,,,,,,,,,,,y,,,,
vmo,Ocean Mass Y Transport,kg s-1,,,,,y,,,,,,,,,,,,,,,,y,,,,
uhml,Zonal Thickness Flux to Restratify Mixed Layer,kg s-1,,,,,y,,,,,,,,,,,,,,,,y,,,,
vhml,Meridional Thickness Flux to Restratify Mixed Layer,kg s-1,,,,,y,,,,,,,,,,,,,,,,y,,,,
uh,Zonal Thickness Flux,m3 s-1,,,,,y,,,,,,,,,,,,,,,,,,,,
vh,Meridional Thickness Flux,m3 s-1,,,,,y,,,,,,,,,,,,,,,,,,,,
T_adx,Advective (by residual mean) Zonal Flux of Heat,W,,,,,y,,,,,,,,,,,,,,,,,,,,
T_ady,Advective (by residual mean) Meridional Flux of Heat,W,,,,,y,,,,,,,,,,,,,,,,,,,,
S_adx,Advective (by residual mean) Zonal Flux of Salt,psu m3 s-1,,,,,y,,,,,,,,,,,,,,,,,,,,
S_ady,Advective (by residual mean) Meridional Flux of Salt,psu m3 s-1,,,,,y,,,,,,,,,,,,,,,,,,,,
rsdoabsorb,Convergence of Penetrative Shortwave Flux in Sea Water Layer,W m-2,,,,,y,,,,,,,,,,,,,,,,,,,,
opottemptend,Tendency of Sea Water Potential Temperature Expressed as Heat Content,W m-2,,,,,y,,,,,,,,,,,,,,,,,,,,
opottempdiff,Tendency of sea water potential temperature expressed as heat content due to parameterized dianeutral mixing,W m-2,,,,,y,,,,,,,,,,,,,,,,,,,,
osalttend,Tendency of Sea Water Salinity Expressed as Salt Content,kg m-2 s-1,,,,,y,,,,,,,,,,,,,,,,,,,,
osaltpmdiff,Tendency of sea water salinity expressed as salt content due to parameterized mesoscale neutral diffusion,kg m-2 s-1,,,,,y,,,,,,,,,,,,,,,,,,,,
osaltdiff,Tendency of sea water salinity expressed as salt content due to parameterized dianeutral mixing,kg m-2 s-1,,,,,y,,,,,,,,,,,,,,,,,,,,
frazil_heat_tendency,Heat tendency due to frazil formation,W m-2,,,,,y,,,,,,,,,,,,,,,,,,,,
T_advection_xy,Horizontal convergence of residual mean advective fluxes of heat,W m-2,,,,,y,,,,,,,,,,,,,,,,,,,,
S_advection_xy,Horizontal convergence of residual mean advective fluxes of salt,kg m-2 s-1,,,,,y,,,,,,,,,,,,,,,,,,,,
Th_tendency_vert_remap,Vertical remapping tracer content tendency for Heat,W m-2,,,,,y,,,,,,,,,,,,,,,,,,,,
Sh_tendency_vert_remap,Vertical remapping tracer content tendency for Salt,kg m-2 s-1,,,,,y,,,,,,,,,,,,,,,,,,,,
boundary_forcing_heat_tendency,Boundary forcing heat tendency,W m-2,,,,,y,,,,,,,,,,,,,,,,,,,,
boundary_forcing_salt_tendency,Boundary forcing salt tendency,kg m-2 s-1,,,,,y,,,,,,,,,,,,,,,,,,,,
difvho,Ocean vertical heat diffusivity,m2 s-1,,,,,y,,,,,,,,,,,,,,,,,,,,
difvso,Ocean vertical salt diffusivity,m2 s-1,,,,,y,,,,,,,,,,,,,,,,,,,,
Kd_interface,Total diapycnal diffusivity at interfaces,m2 s-1,,,,,y,,,,,,,,,,,,,,,,,,,,
Kd_shear,Shear-driven Diapycnal Diffusivity,m2 s-1,,,,,y,,,,,,,,,,,,,,,,,,,,
Kd_BBL,Bottom Boundary Layer Diffusivity,m2 s-1,,,,,y,,,,,,,,,,,,,,,,,,,,
Kd_ePBL,ePBL diapycnal diffusivity at interfaces,m2 s-1,,,,,y,,,,,,,,,,,,,,,,,,,,
Kd_heat,Total diapycnal diffusivity for heat at interfaces,m2 s-1,,,,,y,,,,,,,,,,,,,,,,,,,,
Kd_salt,Total diapycnal diffusivity for salt at interfaces,m2 s-1,,,,,y,,,,,,,,,,,,,,,,,,,,
rhopot0,Potential density referenced to surface,kg m-3,,,,,y,,,,,,,,,,,,,,,,y,,,,
rhoinsitu,In situ density,kg m-3,,,,,y,,,,,,,,,,,,,,,,y,,,,
btm_temp,Bottom Temperature,deg C,,,,,,y,,,,,,,,,,,,,,,,,,,
btm_o2,Bottom Oxygen,mol kg-1,,,,,,y,y,,,,,,,,,,,,,,,,,,
ffedet_btm,fedet sinking flux burial,mol m-2 s-1,,,,,,y,,,,,,,,,,,,,,,,,,,
ffedi_btm,diazo Fe sinking flux to bottom,mol m-2 s-1,,,,,,y,,,,,,,,,,,,,,,,,,,
ffesm_btm,small phyto Fe sinking flux to bottom,mol m-2 s-1,,,,,,y,,,,,,,,,,,,,,,,,,,
ffemd_btm,medium phyto Fe sinking flux to bottom,mol m-2 s-1,,,,,,y,,,,,,,,,,,,,,,,,,,
ffelg_btm,large phyto Fe sinking flux to bottom,mol m-2 s-1,,,,,,y,,,,,,,,,,,,,,,,,,,
ffe_sed,Sediment iron efflux,mol m-2 s-1,,,,,,y,,,,,,,,,,,,,,,,,,,
flithdet_btm,Lithogenic detrital sinking flux burial,g m-2 s-1,,,,,,y,,,,,,,,,,,,,,,,,,,
fndet_btm,ndet sinking flux to bottom,mol m-2 s-1,,,,,,y,,,,,,,,,,,,,,,,,,,
fndi_btm,diazo N sinking flux to bottom,mol m-2 s-1,,,,,,y,,,,,,,,,,,,,,,,,,,
fnsm_btm,small phyto N sinking flux to bottom,mol m-2 s-1,,,,,,y,,,,,,,,,,,,,,,,,,,
fnmd_btm,medium phyto N sinking flux to bottom,mol m-2 s-1,,,,,,y,,,,,,,,,,,,,,,,,,,
fnlg_btm,large phyto N sinking flux to bottom,mol m-2 s-1,,,,,,y,,,,,,,,,,,,,,,,,,,
fpdet_btm,pdet sinking flux to bottom,mol m-2 s-1,,,,,,y,,,,,,,,,,,,,,,,,,,
fpdi_btm,diazo P sinking flux to bottom,mol m-2 s-1,,,,,,y,,,,,,,,,,,,,,,,,,,
fpsm_btm,small phyto P sinking flux to bottom,mol m-2 s-1,,,,,,y,,,,,,,,,,,,,,,,,,,
fpmd_btm,medium phyto P sinking flux to bottom,mol m-2 s-1,,,,,,y,,,,,,,,,,,,,,,,,,,
fplg_btm,large phyto P sinking flux to bottom,mol m-2 s-1,,,,,,y,,,,,,,,,,,,,,,,,,,
fsidet_btm,sidet sinking flux to bottom,mol m-2 s-1,,,,,,y,,,,,,,,,,,,,,,,,,,
fsimd_btm,medium phyto Si sinking flux to bottom,mol m-2 s-1,,,,,,y,,,,,,,,,,,,,,,,,,,
fsilg_btm,large phyto Si sinking flux to bottom,mol m-2 s-1,,,,,,y,,,,,,,,,,,,,,,,,,,
fcadet_arag_btm,Aragonite sinking flux at bottom,mol m-2 s-1,,,,,,y,,,,,,,,,,,,,,,,,,,
fcadet_calc_btm,Calcite sinking flux at bottom,mol m-2 s-1,,,,,,y,,,,,,,,,,,,,,,,,,,
fcased_burial,Calcite permanent burial flux,mol m-2 s-1,,,,,,y,,,,,,,,,,,,,,,,,,,
fcased_redis,Calcite redissolution from sediments,mol m-2 s-1,,,,,,y,,,,,,,,,,,,,,,,,,,
fnfeso4red_sed,Sediment Ndet Fe and SO4 reduction flux,mol m-2 s-1,,,,,,y,,,,,,,,,,,,,,,,,,,
fno3denit_sed,Sediment denitrification flux,mol m-2 s-1,,,,,,y,,,,,,,,,,,,,,,,,,,
fnoxic_sed,Sediment oxic Ndet remineralization flux,mol m-2 s-1,,,,,,y,,,,,,,,,,,,,,,,,,,
cased,calcium carbonite in sediment,mol m-3,,,,,,y,,,,,,,,,,,,,,,,,,,
btm_co3_sol_arag,Bottom Aragonite Solubility,mol kg-1,,,,,,y,y,,,,,,,,,,,,,,,,,,
btm_co3_sol_calc,Bottom Calcite Solubility,mol kg-1,,,,,,y,y,,,,,,,,,,,,,,,,,,
btm_co3_ion,Bottom Carbonate Ion,mol kg-1,,,,,,y,y,,,,,,,,,,,,,,,,,,
btm_htotal,Bottom Htotal,mol kg-1,,,,,,y,y,,,,,,,,,,,,,,,,,,
fcased_redis_surfresp,"Calcite redissolution rom sediments, surfresp",mol m-2 s-1,,,,,,y,,,,,,,,,,,,,,,,,,,
cased_redis_coef,"Calcite redissolution from sediments, deepresp coefficient,",s-1,,,,,,y,,,,,,,,,,,,,,,,,,,
cased_redis_delz,"Calcite redissolution from sediments, effective depth",none (0-1),,,,,,y,,,,,,,,,,,,,,,,,,,
phos,Surface pH,1,,,,,,,y,,,,,,y,,,,,,,,,,,,
no3os,Surface Dissolved Nitrate Concentration,mol m-3,,,,,,,y,,,,,,y,,,,,,,,,,,,
pco2surf,Oceanic pCO2,uatm,,,,,,,y,,,,,,,y,,,,,,,,,,,
mesozoo_200,"Mesozooplankton biomass, 200m integral",mol m-2,,,,,,,y,,,,,,,,,y,,,,,,,,,
fndet_100,Nitrogen detritus sinking flux @ 100m,mol m-2 s-1,,,,,,,,y,,,,,,,,,,,,,,,,,
fpdet_100,Phosphorous detritus sinking flux @ 100m,mol m-2 s-1,,,,,,,,y,,,,,,,,,,,,,,,,,
ffedet_100,Iron detritus sinking flux @ 100m,mol m-2 s-1,,,,,,,,y,,,,,,,,,,,,,,,,,
fsidet_100,Silicon detritus sinking flux @ 100m,mol m-2 s-1,,,,,,,,y,,,,,,,,,,,,,,,,,
fcadet_calc_100,Calcite detritus sinking flux @ 100m,mol m-2 s-1,,,,,,,,y,,,,,,,,,,,,,,,,,
fcadet_arag_100,Aragonite detritus sinking flux @ 100m,mol m-2 s-1,,,,,,,,y,,,,,,,,,,,,,,,,,
flithdet_100,Lithogenic detritus sinking flux @ 100m,mol m-2 s-1,,,,,,,,y,,,,,,,,,,,,,,,,,
jprod_nsmp_100,Small phyto. nitrogen  prim. prod. integral in upper 100m,mol m-2 s-1,,,,,,,,,y,,,,,,,,,,,,,,,,
jprod_nmdp_100,Medium phyto. nitrogen  prim. prod. integral in upper 100m,mol m-2 s-1,,,,,,,,,y,,,,,,,,,,,,,,,,
jprod_nlgp_100,Large phyto. nitrogen  prim. prod. integral in upper 100m,mol m-2 s-1,,,,,,,,,y,,,,,,,,,,,,,,,,
jprod_ndi_100,Diazotroph nitrogen prim. prod. integral in upper 100m,mol m-2 s-1,,,,,,,,,y,,,,,,,,,,,,,,,,
jprod_nsmp_new_100,Small phyto. new (NO3-based) prim. prod. integral in upper 100m,mol m-2 s-1,,,,,,,,,y,,,,,,,,,,,,,,,,
jprod_nmdp_new_100,Medium phyto. new (NO3-based) prim. prod. integral in upper 100m,mol m-2 s-1,,,,,,,,,y,,,,,,,,,,,,,,,,
jprod_nlgp_new_100,Large phyto. new (NO3-based) prim. prod. integral in upper 100m,mol m-2 s-1,,,,,,,,,y,,,,,,,,,,,,,,,,
jprod_ndi_new_100,Diazotroph new (NO3-based) prim. prod. integral in upper 100m,mol m-2 s-1,,,,,,,,,y,,,,,,,,,,,,,,,,
jprod_ndi_n2_100,Diazotroph nitrogen fixation in upper 100m,mol m-2 s-1,,,,,,,,,y,,,,,,,,,,,,,,,,
jprod_nsmz_100,Small zooplankton nitrogen prod. integral in upper 100m,mol m-2 s-1,,,,,,,,,y,,,,,,,,,,,,,,,,
jprod_nmdz_100,Medium zooplankton nitrogen prod. integral in upper 100m,mol m-2 s-1,,,,,,,,,y,,,,,,,,,,,,,,,,
jprod_nlgz_100,Large zooplankton nitrogen prod. integral in upper 100m,mol m-2 s-1,,,,,,,,,y,,,,,,,,,,,,,,,,
jprod_nbact_100,Bacteria nitrogen prod. integral in upper 100m,mol m-2 s-1,,,,,,,,,y,,,,,,,,,,,,,,,,
jprod_mesozoo_200,"Mesozooplankton Production, 200m integration",mol m-2 s-1,,,,,,,,,y,,,,,,,,,,,,,,,,
jzloss_nsmp_100,Small phyto. nitrogen loss to zooplankton integral in upper 100m,mol m-2 s-1,,,,,,,,,y,,,,,,,,,,,,,,,,
jzloss_nmdp_100,Medium phyto. nitrogen loss to zooplankton integral in upper 100m,mol m-2 s-1,,,,,,,,,y,,,,,,,,,,,,,,,,
jzloss_nlgp_100,Large phyto. nitrogen loss to zooplankton integral in upper 100m,mol m-2 s-1,,,,,,,,,y,,,,,,,,,,,,,,,,
jzloss_ndi_100,Diazotroph nitrogen loss to zooplankton integral in upper 100m,mol m-2 s-1,,,,,,,,,y,,,,,,,,,,,,,,,,
jaggloss_nsmp_100,Small phyto. nitrogen aggregation loss integral in upper 100m,mol m-2 s-1,,,,,,,,,y,,,,,,,,,,,,,,,,
jaggloss_nmdp_100,Medium phyto. nitrogen aggregation loss integral in upper 100m,mol m-2 s-1,,,,,,,,,y,,,,,,,,,,,,,,,,
jaggloss_nlgp_100,Large phyto. nitrogen aggregation loss integral in upper 100m,mol m-2 s-1,,,,,,,,,y,,,,,,,,,,,,,,,,
jvirloss_nsmp_100,Small phyto. nitrogen virus loss integral in upper 100m,mol m-2 s-1,,,,,,,,,y,,,,,,,,,,,,,,,,
jvirloss_nmdp_100,Medium phyto. nitrogen virus loss integral in upper 100m,mol m-2 s-1,,,,,,,,,y,,,,,,,,,,,,,,,,
jvirloss_nlgp_100,Large phyto. nitrogen virus loss integral in upper 100m,mol m-2 s-1,,,,,,,,,y,,,,,,,,,,,,,,,,
jmortloss_nsmp_100,Small phyto. nitrogen mortality loss integral in upper 100m,mol m-2 s-1,,,,,,,,,y,,,,,,,,,,,,,,,,
jmortloss_nmdp_100,Medium phyto. nitrogen mortality loss integral in upper 100m,mol m-2 s-1,,,,,,,,,y,,,,,,,,,,,,,,,,
jmortloss_nlgp_100,Large phyto. nitrogen mortality loss integral in upper 100m,mol m-2 s-1,,,,,,,,,y,,,,,,,,,,,,,,,,
jmortloss_ndi_100,Diazotroph nitrogen mortality loss integral in upper 100m,mol m-2 s-1,,,,,,,,,y,,,,,,,,,,,,,,,,
jexuloss_nsmp_100,Small phyto. nitrogen exudation loss integral in upper 100m,mol m-2 s-1,,,,,,,,,y,,,,,,,,,,,,,,,,
jexuloss_nmdp_100,Medium phyto. nitrogen exudation loss integral in upper 100m,mol m-2 s-1,,,,,,,,,y,,,,,,,,,,,,,,,,
jexuloss_nlgp_100,Large phyto. nitrogen exudation loss integral in upper 100m,mol m-2 s-1,,,,,,,,,y,,,,,,,,,,,,,,,,
jexuloss_ndi_100,Diazotroph nitrogen exudation loss integral in upper 100m,mol m-2 s-1,,,,,,,,,y,,,,,,,,,,,,,,,,
jingest_n_nsmz_100,Small zooplankton nitrogen ingestion integral in upper 100m,mol m-2 s-1,,,,,,,,,y,,,,,,,,,,,,,,,,
jingest_n_nmdz_100,Medium zooplankton nitrogen ingestion integral in upper 100m,mol m-2 s-1,,,,,,,,,y,,,,,,,,,,,,,,,,
jingest_n_nlgz_100,Large zooplankton nitrogen ingestion integral in upper 100m,mol m-2 s-1,,,,,,,,,y,,,,,,,,,,,,,,,,
jingest_n_hp_100,Higher predator ingestion of nitrogen integral in upper 100m,mol m-2 s-1,,,,,,,,,y,,,,,,,,,,,,,,,,
jzloss_nsmz_100,Small zooplankton nitrogen loss to zooplankton integral in upper 100m,mol m-2 s-1,,,,,,,,,y,,,,,,,,,,,,,,,,
jzloss_nmdz_100,Medium zooplankton nitrogen loss to zooplankton integral in upper 100m,mol m-2 s-1,,,,,,,,,y,,,,,,,,,,,,,,,,
jhploss_nmdz_100,Medium zooplankton nitrogen loss to higher preds. integral in upper 100m,mol m-2 s-1,,,,,,,,,y,,,,,,,,,,,,,,,,
jhploss_nlgz_100,Large zooplankton nitrogen loss to higher preds. integral in upper 100m,mol m-2 s-1,,,,,,,,,y,,,,,,,,,,,,,,,,
jprod_ndet_nmdz_100,Medium zooplankton nitrogen detritus prod. integral in upper 100m,mol m-2 s-1,,,,,,,,,y,,,,,,,,,,,,,,,,
jprod_ndet_nlgz_100,Large zooplankton nitrogen detritus prod. integral in upper 100m,mol m-2 s-1,,,,,,,,,y,,,,,,,,,,,,,,,,
jprod_ndet_hp_100,Higher predator nitrogen detritus prod. integral in upper 100m,mol m-2 s-1,,,,,,,,,y,,,,,,,,,,,,,,,,
jprod_don_nsmz_100,Small zooplankton dissolved org. nitrogen prod. integral in upper 100m,mol m-2 s-1,,,,,,,,,y,,,,,,,,,,,,,,,,
jprod_don_nmdz_100,Medium zooplankton dissolved org. nitrogen prod. integral in upper 100m,mol m-2 s-1,,,,,,,,,y,,,,,,,,,,,,,,,,
jremin_n_nsmz_100,Small zooplankton nitrogen remineralization integral in upper 100m,mol m-2 s-1,,,,,,,,,y,,,,,,,,,,,,,,,,
jremin_n_nmdz_100,Medium zooplankton nitrogen remineralization integral in upper 100m,mol m-2 s-1,,,,,,,,,y,,,,,,,,,,,,,,,,
jremin_n_nlgz_100,Large zooplankton nitrogen remineralization integral in upper 100m,mol m-2 s-1,,,,,,,,,y,,,,,,,,,,,,,,,,
jremin_n_hp_100,Higher predator nitrogen remineralization integral in upper 100m,mol m-2 s-1,,,,,,,,,y,,,,,,,,,,,,,,,,
juptake_ldon_nbact_100,Bacterial uptake of labile dissolved org. nitrogen in upper 100m,mol m-2 s-1,,,,,,,,,y,,,,,,,,,,,,,,,,
jvirloss_nbact_100,Bacteria nitrogen loss to viruses integral in upper 100m,mol m-2 s-1,,,,,,,,,y,,,,,,,,,,,,,,,,
jzloss_nbact_100,Bacteria nitrogen loss to zooplankton integral in upper 100m,mol m-2 s-1,,,,,,,,,y,,,,,,,,,,,,,,,,
jremin_n_nbact_100,Bacteria nitrogen remineralization integral in upper 100m,mol m-2 s-1,,,,,,,,,y,,,,,,,,,,,,,,,,
jprod_lithdet_100,Lithogenic detritus production integral in upper 100m,mol m-2 s-1,,,,,,,,,y,,,,,,,,,,,,,,,,
jprod_sidet_100,Silica detritus production integral in upper 100m,mol m-2 s-1,,,,,,,,,y,,,,,,,,,,,,,,,,
jprod_cadet_calc_100,Calcite detritus production integral in upper 100m,mol m-2 s-1,,,,,,,,,y,,,,,,,,,,,,,,,,
jprod_cadet_arag_100,Aragonite detritus production integral in upper 100m,mol m-2 s-1,,,,,,,,,y,,,,,,,,,,,,,,,,
jremin_ndet_100,Remineralization of nitrogen detritus integral in upper 100m,mol m-2 s-1,,,,,,,,,y,,,,,,,,,,,,,,,,
wc_vert_int_jdiss_sidet,Water column silica dissolution vertical integral,mol m-2 s-1,,,,,,,,,y,,,,,,,,,,,,,,,,
wc_vert_int_jdiss_cadet,Water column calcium carbonate dissolution vertical integral,mol m-2 s-1,,,,,,,,,y,,,,,,,,,,,,,,,,
wc_vert_int_jo2resp,Water column oxygen respired vertical integral,mol m-2 s-1,,,,,,,,,y,,,,,,,,,,,,,,,,
wc_vert_int_jprod_cadet,Water column calcium carbonate production vertical integral,mol m-2 s-1,,,,,,,,,y,,,,,,,,,,,,,,,,
wc_vert_int_jno3denit,Water column denitrification vertical integral,mol m-2 s-1,,,,,,,,,y,,,,,,,,,,,,,,,,
wc_vert_int_jprod_no3nitrif,Water column nitrification vertical integral,mol m-2 s-1,,,,,,,,,y,,,,,,,,,,,,,,,,
wc_vert_int_juptake_nh4,Water column ammonia based NPP vertical integral,mol m-2 s-1,,,,,,,,,y,,,,,,,,,,,,,,,,
wc_vert_int_juptake_no3,"Water column nitrate based NPP, vertical integral",mol m-2 s-1,,,,,,,,,y,,,,,,,,,,,,,,,,
wc_vert_int_nfix,Nitrogen fixation vertical integral,mol N m-2 s-1,,,,,,,,,y,,,,,,,,,,,,,,,,
wc_vert_int_jprod_nh4,Water column ammonia production vertical integral,mol m-2 s-1,,,,,,,,,y,,,,,,,,,,,,,,,,
wc_vert_int_jprod_n2amx,Water column N2 from anammox vertical integral,mol m-2 s-1,,,,,,,,,y,,,,,,,,,,,,,,,,
wc_vert_int_net_phyto_resp,Water column net phyto respiration vertical integral,mol N m-2 s-1,,,,,,,,,y,,,,,,,,,,,,,,,,
wc_vert_int_npp,Water column net primary production vertical integral,mol N m-2 s-1,,,,,,,,,y,,,,,,,,,,,,,,,,
wc_vert_int_chemoautopp,Water column chemoautrophy vertical integral,mol N m-2 s-1,,,,,,,,,y,,,,,,,,,,,,,,,,
limndiat,Nitrogen Limitation of Diatoms,1,,,,,,,,,,y,,,,,,,,,,,,,,,
limnpico,Nitrogen Limitation of Picophytoplankton,1,,,,,,,,,,y,,,,,,,,,,,,,,,
limnmisc,Nitrogen Limitation of Other Phytoplankton,1,,,,,,,,,,y,,,,,,,,,,,,,,,
limirrdiat,Irradiance Limitation of Diatoms,1,,,,,,,,,,y,,,,,,,,,,,,,,,
limirrdiaz,Irradiance Limitation of Diazotrophs,1,,,,,,,,,,y,,,,,,,,,,,,,,,
limirrpico,Irradiance Limitation of Picophytoplankton,1,,,,,,,,,,y,,,,,,,,,,,,,,,
limirrmisc,Irradiance Limitation of Other Phytoplankton,1,,,,,,,,,,y,,,,,,,,,,,,,,,
limfediat,Iron Limitation of Diatoms,1,,,,,,,,,,y,,,,,,,,,,,,,,,
limfediaz,Iron Limitation of Diazotrophs,1,,,,,,,,,,y,,,,,,,,,,,,,,,
limfepico,Iron Limitation of Picophytoplankton,1,,,,,,,,,,y,,,,,,,,,,,,,,,
limfemisc,Iron Limitation of Other Phytoplankton,1,,,,,,,,,,y,,,,,,,,,,,,,,,
limpdiat,Phosphorus Limitation of Diatoms,1,,,,,,,,,,y,,,,,,,,,,,,,,,
limpdiaz,Phosphorus Limitation of Diazotrophs,1,,,,,,,,,,y,,,,,,,,,,,,,,,
limppico,Phosphorus Limitation of Picophytoplankton,1,,,,,,,,,,y,,,,,,,,,,,,,,,
limpmisc,Phosphorus Limitation of Other Phytoplankton,1,,,,,,,,,,y,,,,,,,,,,,,,,,
intpp,Primary Organic Carbon Production by All Types of Phytoplankton,mol m-2 s-1,,,,,,,,,,y,,,,,,,,,,,,,,,
intppnitrate,Primary Organic Carbon Production by Phytoplankton Based on Nitrate Uptake Alone,mol m-2 s-1,,,,,,,,,,y,,,,,,,,,,,,,,,
intppdiat,Net Primary Organic Carbon Production by Diatoms,mol m-2 s-1,,,,,,,,,,y,,,,,,,,,,,,,,,
intppdiaz,Net Primary Mole Productivity of Carbon by Diazotrophs,mol m-2 s-1,,,,,,,,,,y,,,,,,,,,,,,,,,
intpppico,Net Primary Mole Productivity of Carbon by Picophytoplankton,mol m-2 s-1,,,,,,,,,,y,,,,,,,,,,,,,,,
intppmisc,Net Primary Organic Carbon Production by Other Phytoplankton,mol m-2 s-1,,,,,,,,,,y,,,,,,,,,,,,,,,
intpbn,Nitrogen Production,mol m-2 s-1,,,,,,,,,,y,,,,,,,,,,,,,,,
intpbp,Phosphorus Production,mol m-2 s-1,,,,,,,,,,y,,,,,,,,,,,,,,,
intpbfe,Iron Production,mol m-2 s-1,,,,,,,,,,y,,,,,,,,,,,,,,,
intpbsi,Silicon Production,mol m-2 s-1,,,,,,,,,,y,,,,,,,,,,,,,,,
intpcalcite,Calcite Production,mol m-2 s-1,,,,,,,,,,y,,,,,,,,,,,,,,,
intparag,Aragonite Production,mol m-2 s-1,,,,,,,,,,y,,,,,,,,,,,,,,,
epc100,Downward Flux of Particulate Organic Carbon,mol m-2 s-1,,,,,,,,,,y,,,,,,,,,,,,,,,
epn100,Downward Flux of Particulate Nitrogen,mol m-2 s-1,,,,,,,,,,y,,,,,,,,,,,,,,,
epp100,Downward Flux of Particulate Phosphorus,mol m-2 s-1,,,,,,,,,,y,,,,,,,,,,,,,,,
epfe100,Downward Flux of Particulate Iron,mol m-2 s-1,,,,,,,,,,y,,,,,,,,,,,,,,,
epsi100,Downward Flux of Particulate Silicon,mol m-2 s-1,,,,,,,,,,y,,,,,,,,,,,,,,,
epcalc100,Downward Flux of Calcite,mol m-2 s-1,,,,,,,,,,y,,,,,,,,,,,,,,,
eparag100,Downward Flux of Aragonite,mol m-2 s-1,,,,,,,,,,y,,,,,,,,,,,,,,,
intdic,Dissolved Inorganic Carbon Content,kg m-2,,,,,,,,,,y,,,,,,,,,,,,,,,
intdoc,Dissolved Organic Carbon Content,kg m-2,,,,,,,,,,y,,,,,,,,,,,,,,,
intpoc,Particulate Organic Carbon Content,kg m-2,,,,,,,,,,y,,,,,,,,,,,,,,,
spco2,Surface Aqueous Partial Pressure of CO2,Pa,,,,,,,,,,y,,,,,,,,,,,,,,,
dpco2,Delta PCO2,Pa,,,,,,,,,,y,,,,,,,,,,,,,,,
dpo2,Delta PO2,Pa,,,,,,,,,,y,,,,,,,,,,,,,,,
fgco2,Surface Downward Flux of Total CO2,kg m-2 s-1,,,,,,,,,,y,,,,,,,,,,,,,,,
fgo2,Surface Downward Flux of O2,mol m-2 s-1,,,,,,,,,,y,,,,,,,,,,,,,,,
icfriver,Flux of Inorganic Carbon Into Ocean Surface by Runoff,mol m-2 s-1,,,,,,,,,,y,,,,,,,,,,,,,,,
fric,Downward Inorganic Carbon Flux at Ocean Bottom,mol m-2 s-1,,,,,,,,,,y,,,,,,,,,,,,,,,
ocfriver,Flux of Organic Carbon Into Ocean Surface by Runoff,mol m-2 s-1,,,,,,,,,,y,,,,,,,,,,,,,,,
froc,Downward Organic Carbon Flux at Ocean Bottom,mol m-2 s-1,,,,,,,,,,y,,,,,,,,,,,,,,,
intpn2,Nitrogen Fixation Rate in Ocean,mol m-2 s-1,,,,,,,,,,y,,,,,,,,,,,,,,,
fsn,Surface Downward Net Flux of Nitrogen,mol m-2 s-1,,,,,,,,,,y,,,,,,,,,,,,,,,
frn,Nitrogen Loss to Sediments and through Denitrification,mol m-2 s-1,,,,,,,,,,y,,,,,,,,,,,,,,,
fsfe,Surface Downward Net Flux of Iron,mol m-2 s-1,,,,,,,,,,y,,,,,,,,,,,,,,,
frfe,Iron Loss to Sediments,mol m-2 s-1,,,,,,,,,,y,,,,,,,,,,,,,,,
chlos,Surface Mass Concentration of Total Phytoplankton expressed as Chlorophyll in sea water,kg m-3,,,,,,,,,,,y,,y,,,,,,,,,,,,
phycos,Surface Phytoplankton Carbon Concentration,mol m-3,,,,,,,,,,,y,,y,,,,,,,,,,,,
pp,Primary Carbon Production by Total Phytoplankton,mol m-3 s-1,,,,,,,,,,,,y,,,,,,,,,,,,,
pnitrate,Primary Carbon Production by Phytoplankton due to Nitrate Uptake Alone,mol m-3 s-1,,,,,,,,,,,,y,,,,,,,,,,,,,
pbfe,Biogenic Iron Production,mol m-3 s-1,,,,,,,,,,,,y,,,,,,,,,,,,,
pbsi,Biogenic Silicon Production,mol m-3 s-1,,,,,,,,,,,,y,,,,,,,,,,,,,
pcalc,Calcite Production,mol m-3 s-1,,,,,,,,,,,,y,,,,,,,,,,,,,
parag,Aragonite Production,mol m-3 s-1,,,,,,,,,,,,y,,,,,,,,,,,,,
expc,Sinking Particulate Organic Carbon Flux,mol m-2 s-1,,,,,,,,,,,,y,,,,,,,,,,,,,
expn,Sinking Particulate Organic Nitrogen Flux,mol m-2 s-1,,,,,,,,,,,,y,,,,,,,,,,,,,
expp,Sinking Particulate Organic Phosphorus Flux,mol m-2 s-1,,,,,,,,,,,,y,,,,,,,,,,,,,
expfe,Sinking Particulate Iron Flux,mol m-2 s-1,,,,,,,,,,,,y,,,,,,,,,,,,,
expsi,Sinking Particulate Silicon Flux,mol m-2 s-1,,,,,,,,,,,,y,,,,,,,,,,,,,
expcalc,Sinking Calcite Flux,mol m-2 s-1,,,,,,,,,,,,y,,,,,,,,,,,,,
exparag,Sinking Aragonite Flux,mol m-2 s-1,,,,,,,,,,,,y,,,,,,,,,,,,,
remoc,Remineralization of Organic Carbon,mol m-3 s-1,,,,,,,,,,,,y,,,,,,,,,,,,,
dcalc,Calcite Dissolution,mol m-3 s-1,,,,,,,,,,,,y,,,,,,,,,,,,,
darag,Aragonite Dissolution,mol m-3 s-1,,,,,,,,,,,,y,,,,,,,,,,,,,
ppdiat,Net Primary Organic Carbon Production by Diatoms,mol m-3 s-1,,,,,,,,,,,,y,,,,,,,,,,,,,
ppdiaz,Net Primary Mole Productivity of Carbon by Diazotrophs,mol m-3 s-1,,,,,,,,,,,,y,,,,,,,,,,,,,
pppico,Net Primary Mole Productivity of Carbon by Picophytoplankton,mol m-3 s-1,,,,,,,,,,,,y,,,,,,,,,,,,,
ppmisc,Net Primary Organic Carbon Production by Other Phytoplankton,mol m-3 s-1,,,,,,,,,,,,y,,,,,,,,,,,,,
bddtdic,Rate of Change of Dissolved Inorganic Carbon due to Biological Activity,mol m-3 s-1,,,,,,,,,,,,y,,,,,,,,,,,,,
bddtdin,Rate of Change of Nitrogen Nutrient due to Biological Activity,mol m-3 s-1,,,,,,,,,,,,y,,,,,,,,,,,,,
bddtdip,Rate of Change of Dissolved Phosphorus due to Biological Activity,mol m-3 s-1,,,,,,,,,,,,y,,,,,,,,,,,,,
bddtdife,Rate of Change of Dissolved Inorganic Iron due to Biological Activity,mol m-3 s-1,,,,,,,,,,,,y,,,,,,,,,,,,,
bddtdisi,Rate of Change of Dissolved Inorganic Silicon due to Biological Activity,mol m-3 s-1,,,,,,,,,,,,y,,,,,,,,,,,,,
bddtalk,Rate of Change of Alkalinity due to Biological Activity,mol m-3 s-1,,,,,,,,,,,,y,,,,,,,,,,,,,
fescav,Nonbiogenic Iron Scavenging,mol m-3 s-1,,,,,,,,,,,,y,,,,,,,,,,,,,
fediss,Particle Source of Dissolved Iron,mol m-3 s-1,,,,,,,,,,,,y,,,,,,,,,,,,,
graz,Total Grazing of Phytoplankton by Zooplankton,mol m-3 s-1,,,,,,,,,,,,y,,,,,,,,,,,,,
dissicos,Surface Dissolved Inorganic Carbon Concentration,mol m-3,,,,,,,,,,,,,y,,,,,,,,,,,,
dissocos,Surface Dissolved Organic Carbon Concentration,mol m-3,,,,,,,,,,,,,y,,,,,,,,,,,,
zoocos,Surface Zooplankton Carbon Concentration,mol m-3,,,,,,,,,,,,,y,,,,,,,,,,,,
baccos,Surface Bacterial Carbon Concentration,mol m-3,,,,,,,,,,,,,y,,,,,,,,,,,,
detocos,Surface Detrital Organic Carbon Concentration,mol m-3,,,,,,,,,,,,,y,,,,,,,,,,,,
calcos,Surface Calcite Concentration,mol m-3,,,,,,,,,,,,,y,,,,,,,,,,,,
aragos,Surface Aragonite Concentration,mol m-3,,,,,,,,,,,,,y,,,,,,,,,,,,
phydiatos,Surface Mole Concentration of Diatoms expressed as Carbon in sea water,mol m-3,,,,,,,,,,,,,y,,,,,,,,,,,,
phydiazos,Surface Mole Concentration of Diazotrophs expressed as Carbon in sea water,mol m-3,,,,,,,,,,,,,y,,,,,,,,,,,,
phypicoos,Surface Mole Concentration of Picophytoplankton expressed as Carbon in sea water,mol m-3,,,,,,,,,,,,,y,,,,,,,,,,,,
phymiscos,Surface Mole Concentration of Miscellaneous Phytoplankton expressed as Carbon in sea water,mol m-3,,,,,,,,,,,,,y,,,,,,,,,,,,
zmicroos,Surface Mole Concentration of Microzooplankton expressed as Carbon in sea water,mol m-3,,,,,,,,,,,,,y,,,,,,,,,,,,
zmesoos,Surface Mole Concentration of Mesozooplankton expressed as Carbon in sea water,mol m-3,,,,,,,,,,,,,y,,,,,,,,,,,,
talkos,Surface Total Alkalinity,mol m-3,,,,,,,,,,,,,y,,,,,,,,,,,,
o2os,Surface Dissolved Oxygen Concentration,mol m-3,,,,,,,,,,,,,y,,,,,,,,,,,,
o2satos,Surface Dissolved Oxygen Concentration at Saturation,mol m-3,,,,,,,,,,,,,y,,,,,,,,,,,,
nh4os,Surface Dissolved Ammonium Concentration,mol m-3,,,,,,,,,,,,,y,,,,,,,,,,,,
po4os,Surface Total Dissolved Inorganic Phosphorus Concentration,mol m-3,,,,,,,,,,,,,y,,,,,,,,,,,,
dfeos,Surface Dissolved Iron Concentration,mol m-3,,,,,,,,,,,,,y,,,,,,,,,,,,
sios,Surface Total Dissolved Inorganic Silicon Concentration,mol m-3,,,,,,,,,,,,,y,,,,,,,,,,,,
chldiatos,Surface Mass Concentration of Diatoms expressed as Chlorophyll in sea water,kg m-3,,,,,,,,,,,,,y,,,,,,,,,,,,
chldiazos,Surface Mass Concentration of Diazotrophs expressed as Chlorophyll in sea water,kg m-3,,,,,,,,,,,,,y,,,,,,,,,,,,
chlpicoos,Surface Mass Concentration of Picophytoplankton expressed as Chlorophyll in sea water,kg m-3,,,,,,,,,,,,,y,,,,,,,,,,,,
chlmiscos,Surface Mass Concentration of Other Phytoplankton expressed as Chlorophyll in sea water,kg m-3,,,,,,,,,,,,,y,,,,,,,,,,,,
ponos,Surface Mole Concentration of Particulate Organic Matter expressed as Nitrogen in sea water,mol m-3,,,,,,,,,,,,,y,,,,,,,,,,,,
popos,Surface Mole Concentration of Particulate Organic Matter expressed as Phosphorus in sea water,mol m-3,,,,,,,,,,,,,y,,,,,,,,,,,,
bfeos,Surface Mole Concentration of Particulate Organic Matter expressed as Iron in sea water,mol m-3,,,,,,,,,,,,,y,,,,,,,,,,,,
bsios,Surface Mole Concentration of Particulate Organic Matter expressed as Silicon in sea water,mol m-3,,,,,,,,,,,,,y,,,,,,,,,,,,
phynos,Surface Mole Concentration of Phytoplankton Nitrogen in sea water,mol m-3,,,,,,,,,,,,,y,,,,,,,,,,,,
phypos,Surface Mole Concentration of Total Phytoplankton expressed as Phosphorus in sea water,mol m-3,,,,,,,,,,,,,y,,,,,,,,,,,,
phyfeos,Surface Mole Concentration of Total Phytoplankton expressed as Iron in sea water,mol m-3,,,,,,,,,,,,,y,,,,,,,,,,,,
physios,Surface Mole Concentration of Total Phytoplankton expressed as Silicon in sea water,mol m-3,,,,,,,,,,,,,y,,,,,,,,,,,,
co3os,Surface Carbonate Ion Concentration,mol m-3,,,,,,,,,,,,,y,,,,,,,,,,,,
co3satcalcos,Surface Mole Concentration of Carbonate Ion in Equilibrium with Pure Calcite in sea water,mol m-3,,,,,,,,,,,,,y,,,,,,,,,,,,
co3sataragos,tracers_month_z,mol m-3,,,,,,,,,,,,,y,,,,,,,,,,,,
dic_csurf,Ocean surface gas concentration of dic,mol/kg,,,,,,,,,,,,,,y,,,,,,,,,,,
dic_deltap,Ocn minus Atm pressure of dic,uatm,,,,,,,,,,,,,,y,,,,,,,,,,,
dic_kw,Gas Exchange piston velocity for dic,m/sec,,,,,,,,,,,,,,y,,,,,,,,,,,
dic_sc_no,Ocean surface Schmidt Number for dic,mol/kg,,,,,,,,,,,,,,y,,,,,,,,,,,
o2_alpha,Atmospheric saturation for o2,mol/kg,,,,,,,,,,,,,,y,,,,,,,,,,,
o2_csurf,Ocean surface gas concentration of o2,mol/kg,,,,,,,,,,,,,,y,,,,,,,,,,,
o2_deltap,Ocn minus Atm pressure of o2,uatm,,,,,,,,,,,,,,y,,,,,,,,,,,
o2_kw,Gas Exchange piston velocity for o2,m/sec,,,,,,,,,,,,,,y,,,,,,,,,,,
o2_sc_no,Ocean surface Schmidt Number for o2,mol/kg,,,,,,,,,,,,,,y,,,,,,,,,,,
dic_stf_gas,Gas exchange flux of dic into Ocean Surface,mole/m^2/sec,,,,,,,,,,,,,,y,,,,,,,,,,,
o2_stf_gas,Gas exchange flux of o2 into Ocean Surface,mole/m^2/sec,,,,,,,,,,,,,,y,,,,,,,,,,,
dep_dry_fed,Dry Deposition of Iron to the ocean,mol m-2 s-1,,,,,,,,,,,,,,y,,,,,,,,,,,
dep_dry_nh4,Dry Deposition of Ammonia to the ocean,mol m-2 s-1,,,,,,,,,,,,,,y,,,,,,,,,,,
dep_dry_no3,Dry Deposition of Nitrate to the ocean,mol m-2 s-1,,,,,,,,,,,,,,y,,,,,,,,,,,
dep_dry_po4,Dry Deposition of Phosphate to the ocean,mol m-2 s-1,,,,,,,,,,,,,,y,,,,,,,,,,,
dep_dry_lith,Dry Deposition of Lithogenic Material,g m-2 s-1,,,,,,,,,,,,,,y,,,,,,,,,,,
dep_wet_fed,Wet Deposition of Iron to the ocean,mol m-2 s-1,,,,,,,,,,,,,,y,,,,,,,,,,,
dep_wet_nh4,Wet Deposition of Ammonia to the ocean,mol m-2 s-1,,,,,,,,,,,,,,y,,,,,,,,,,,
dep_wet_no3,Wet Deposition of Nitrate to the ocean,mol m-2 s-1,,,,,,,,,,,,,,y,,,,,,,,,,,
dep_wet_lith,Wet Deposition of Lithogenic Material,g m-2 s-1,,,,,,,,,,,,,,y,,,,,,,,,,,
runoff_flux_alk,Alkalinity runoff flux to the ocean,mol m-2 s-1,,,,,,,,,,,,,,y,,,,,,,,,,,
runoff_flux_dic,Dissolved Inorganic Carbon runoff flux to the ocean,mol m-2 s-1,,,,,,,,,,,,,,y,,,,,,,,,,,
runoff_flux_fed,Iron runoff flux to the ocean,mol m-2 s-1,,,,,,,,,,,,,,y,,,,,,,,,,,
runoff_flux_lith,Lithogenic runoff flux to the ocean,g m-2 s-1,,,,,,,,,,,,,,y,,,,,,,,,,,
runoff_flux_no3,Nitrate runoff flux to the ocean,mol m-2 s-1,,,,,,,,,,,,,,y,,,,,,,,,,,
runoff_flux_ldon,LDON runoff flux to the ocean,mol m-2 s-1,,,,,,,,,,,,,,y,,,,,,,,,,,
runoff_flux_sldon,SLDON runoff flux to the ocean,mol m-2 s-1,,,,,,,,,,,,,,y,,,,,,,,,,,
runoff_flux_srdon,SRDON runoff flux to the ocean,mol m-2 s-1,,,,,,,,,,,,,,y,,,,,,,,,,,
runoff_flux_ndet,NDET runoff flux to the ocean,mol m-2 s-1,,,,,,,,,,,,,,y,,,,,,,,,,,
runoff_flux_pdet,PDET runoff flux to the ocean,mol m-2 s-1,,,,,,,,,,,,,,y,,,,,,,,,,,
runoff_flux_po4,PO4 runoff flux to the ocean,mol m-2 s-1,,,,,,,,,,,,,,y,,,,,,,,,,,
runoff_flux_ldop,LDOP runoff flux to the ocean,mol m-2 s-1,,,,,,,,,,,,,,y,,,,,,,,,,,
runoff_flux_sldop,SLDOP runoff flux to the ocean,mol m-2 s-1,,,,,,,,,,,,,,y,,,,,,,,,,,
runoff_flux_srdop,SRDOP runoff flux to the ocean,mol m-2 s-1,,,,,,,,,,,,,,y,,,,,,,,,,,
sfc_def_fe_di,Surface diazotroph iron deficiency,dimensionless,,,,,,,,,,,,,,y,,,,,,,,,,,
sfc_def_fe_lgp,Surface large phyto. iron deficiency,dimensionless,,,,,,,,,,,,,,y,,,,,,,,,,,
sfc_def_fe_mdp,Surface medium phyto. iron deficiency,dimensionsless,,,,,,,,,,,,,,y,,,,,,,,,,,
sfc_def_fe_smp,Surface small phyto. iron deficiency,dimensionsless,,,,,,,,,,,,,,y,,,,,,,,,,,
sfc_felim_di,Surface diazotroph iron uptake limitation,dimensionless,,,,,,,,,,,,,,y,,,,,,,,,,,
sfc_felim_lgp,Surface large phyto. iron uptake limitation,dimensionless,,,,,,,,,,,,,,y,,,,,,,,,,,
sfc_felim_mdp,Surface medium phyto. iron uptake limitation,dimensionsless,,,,,,,,,,,,,,y,,,,,,,,,,,
sfc_felim_smp,Surface small phyto. iron uptake limitation,dimensionsless,,,,,,,,,,,,,,y,,,,,,,,,,,
sfc_irrlim_di,Surface diazotroph light limitation,dimensionless,,,,,,,,,,,,,,y,,,,,,,,,,,
sfc_irrlim_lgp,Surface large phyto. light limitation,dimensionless,,,,,,,,,,,,,,y,,,,,,,,,,,
sfc_irrlim_mdp,Surface medium phyto. light limitation,dimensionsless,,,,,,,,,,,,,,y,,,,,,,,,,,
sfc_irrlim_smp,Surface small phyto. light limitation,dimensionsless,,,,,,,,,,,,,,y,,,,,,,,,,,
sfc_theta_di,Surface diazotroph Chl:C,g Chl (g C)-1,,,,,,,,,,,,,,y,,,,,,,,,,,
sfc_theta_lgp,Surface large phyto. Chl:C,g Chl (g C)-1,,,,,,,,,,,,,,y,,,,,,,,,,,
sfc_theta_mdp,Surface medium phyto. Chl:C,g Chl (g C)-1,,,,,,,,,,,,,,y,,,,,,,,,,,
sfc_theta_smp,Surface small phyto. Chl:C,g Chl (g C)-1,,,,,,,,,,,,,,y,,,,,,,,,,,
sfc_mu_di,Surface diazotroph growth rate,sec-1,,,,,,,,,,,,,,y,,,,,,,,,,,
sfc_mu_lgp,Surface large phyto. Chl:C,sec-1,,,,,,,,,,,,,,y,,,,,,,,,,,
sfc_mu_mdp,Surface medium phyto. Chl:C,sec-1,,,,,,,,,,,,,,y,,,,,,,,,,,
sfc_mu_smp,Surface small phyto. Chl:C,sec-1,,,,,,,,,,,,,,y,,,,,,,,,,,
sfc_nh4lim_lgp,Surface large phyto. ammonia limitation,dimensionless,,,,,,,,,,,,,,y,,,,,,,,,,,
sfc_nh4lim_mdp,Surface medium phyto. ammonia limitation,dimensionsless,,,,,,,,,,,,,,y,,,,,,,,,,,
sfc_nh4lim_smp,Surface small phyto. ammonia limitation,dimensionsless,,,,,,,,,,,,,,y,,,,,,,,,,,
sfc_no3lim_lgp,Surface large phyto. nitrate limitation,dimensionless,,,,,,,,,,,,,,y,,,,,,,,,,,
sfc_no3lim_mdp,Surface medium phyto. nitrate limitation,dimensionsless,,,,,,,,,,,,,,y,,,,,,,,,,,
sfc_no3lim_smp,Surface small phyto. nitrate limitation,dimensionsless,,,,,,,,,,,,,,y,,,,,,,,,,,
sfc_po4lim_di,Surface diazotroph phosphate limitation,dimensionless,,,,,,,,,,,,,,y,,,,,,,,,,,
sfc_po4lim_lgp,Surface large phyto. phosphate limitation,dimensionless,,,,,,,,,,,,,,y,,,,,,,,,,,
sfc_po4lim_mdp,Surface medium phyto. phosphate limitation,dimensionsless,,,,,,,,,,,,,,y,,,,,,,,,,,
sfc_po4lim_smp,Surface small phyto. phosphate limitation,dimensionsless,,,,,,,,,,,,,,y,,,,,,,,,,,
sfc_q_fe_2_n_di,Surface diazotroph iron:nitrogen,moles Fe (moles N)-1,,,,,,,,,,,,,,y,,,,,,,,,,,
sfc_q_fe_2_n_lgp,Surface large phyto. iron:nitrogen,moles Fe (moles N)-1,,,,,,,,,,,,,,y,,,,,,,,,,,
sfc_q_fe_2_n_mdp,Surface medium phyto. iron:nitrogen,moles Fe (moles N)-1,,,,,,,,,,,,,,y,,,,,,,,,,,
sfc_q_fe_2_n_smp,Surface small phyto. iron:nitrogen,moles Fe (moles N)-1,,,,,,,,,,,,,,y,,,,,,,,,,,
nh4_stf,Total flux of nh4 into Ocean Surface,mole/m^2/sec,,,,,,,,,,,,,,y,,,,,,,,,,,
sfc_no3,Surface NO3,mol kg-1,,,,,,,,,,,,,,y,,,,,,,,,,,
sfc_po4,Surface PO4,mol kg-1,,,,,,,,,,,,,,y,,,,,,,,,,,
sfc_sio4,Surface SiO4,mol kg-1,,,,,,,,,,,,,,y,,,,,,,,,,,
sfc_co3_sol_arag,Surface Carbonate Ion Solubility for Aragonite,mol kg-1,,,,,,,,,,,,,,y,,,,,,,,,,,
sfc_co3_sol_calc,Surface Carbonate Ion Solubility for Calcite,mol kg-1,,,,,,,,,,,,,,y,,,,,,,,,,,
sfc_co3_ion,Surface Carbonate Ion,mol kg-1,,,,,,,,,,,,,,y,,,,,,,,,,,
wc_vert_int_c,Total carbon (DIC+OC+IC) vertical integral,mol m-2,,,,,,,,,,,,,,,y,,,,,,,,,,
wc_vert_int_dic,Dissolved inorganic carbon vertical integral,mol m-2,,,,,,,,,,,,,,,y,,,,,,,,,,
wc_vert_int_doc,Total dissolved organic carbon  vertical integral,mol m-2,,,,,,,,,,,,,,,y,,,,,,,,,,
wc_vert_int_poc,Total particulate organic carbon vertical integral,mol m-2,,,,,,,,,,,,,,,y,,,,,,,,,,
wc_vert_int_n,Total nitrogen vertical integral,mol m-2,,,,,,,,,,,,,,,y,,,,,,,,,,
wc_vert_int_p,Total phosphorus vertical integral,mol m-2,,,,,,,,,,,,,,,y,,,,,,,,,,
wc_vert_int_fe,Total iron vertical integral,mol m-2,,,,,,,,,,,,,,,y,,,,,,,,,,
wc_vert_int_si,Total silicon vertical integral,mol m-2,,,,,,,,,,,,,,,y,,,,,,,,,,
wc_vert_int_o2,Total oxygen vertical integral,mol m-2,,,,,,,,,,,,,,,y,,,,,,,,,,
wc_vert_int_alk,Total alkalinity vertical integral,mol m-2,,,,,,,,,,,,,,,y,,,,,,,,,,
nsmp_100,Small phytoplankton nitrogen biomass in upper 100m,mol m-2,,,,,,,,,,,,,,,,y,,,,,,,,,
nmdp_100,Medium phytoplankton nitrogen biomass in upper 100m,mol m-2,,,,,,,,,,,,,,,,y,,,,,,,,,
nlgp_100,Large phytoplankton nitrogen biomass in upper 100m,mol m-2,,,,,,,,,,,,,,,,y,,,,,,,,,
ndi_100,Diazotroph nitrogen biomass in upper 100m,mol m-2,,,,,,,,,,,,,,,,y,,,,,,,,,
silgp_100,Large phytoplankton silicon biomass in upper 100m,mol m-2,,,,,,,,,,,,,,,,y,,,,,,,,,
simdp_100,Medium phytoplankton silicon biomass in upper 100m,mol m-2,,,,,,,,,,,,,,,,y,,,,,,,,,
nsmz_100,Small zooplankton nitrogen biomass in upper 100m,mol m-2,,,,,,,,,,,,,,,,y,,,,,,,,,
nmdz_100,Medium zooplankton nitrogen biomass in upper 100m,mol m-2,,,,,,,,,,,,,,,,y,,,,,,,,,
nlgz_100,Large zooplankton nitrogen biomass in upper 100m,mol m-2,,,,,,,,,,,,,,,,y,,,,,,,,,
nbact_100,Bacterial nitrogen biomass in upper 100m,mol m-2,,,,,,,,,,,,,,,,y,,,,,,,,,
don_100,Dissolved organic nitrogen (sr+sl+l) in upper 100m,mol m-2,,,,,,,,,,,,,,,,y,,,,,,,,,
ndet_100,Nitrogen detritus biomass in upper 100m,mol m-2,,,,,,,,,,,,,,,,y,,,,,,,,,
dp_fac,diapause factor,N/A,,,,,,,,,,,,,,,,y,,,,,,,,,
htotal,H+ ion concentration,mol/kg,,,,,,,,,,,,,,,,,y,,,,,,,,
no3,Nitrate,mol/kg,,,,,,,,,,,,,,,,,y,,,,,,,,
o2,Oxygen,mol/kg,,,,,,,,,,,,,,,,,y,,,,,,,,
o2min,Oxygen,mol/kg,,,,,,,,,,,,,,,,,y,,,,,,,,
o2max,Oxygen,mol/kg,,,,,,,,,,,,,,,,,y,,,,,,,,
omega_arag,Carbonate Ion Saturation State for Aragonite,mol kg-1,,,,,,,,,,,,,,,,,y,,,,,,,,
omega_calc,Carbonate Ion Saturation State for Calcite,mol kg-1,,,,,,,,,,,,,,,,,y,,,,,,,,
ndi,Diazotroph Nitrogen,mol/kg,,,,,,,,,,,,,,,,,y,,,,,,,,
nlg,Large Phytoplankton Nitrogen,mol/kg,,,,,,,,,,,,,,,,,y,,,,,,,,
nmd,Medium Phytoplankton Nitrogen,mol/kg,,,,,,,,,,,,,,,,,y,,,,,,,,
nsm,Small Phytoplankton Nitrogen,mol/kg,,,,,,,,,,,,,,,,,y,,,,,,,,
pdi,Diazotroph Phosphorus,mol/kg,,,,,,,,,,,,,,,,,y,,,,,,,,
plg,Large Phytoplankton Phosphorus,mol/kg,,,,,,,,,,,,,,,,,y,,,,,,,,
pmd,Medium Phytoplankton Phosphorus,mol/kg,,,,,,,,,,,,,,,,,y,,,,,,,,
psm,Small Phytoplankton Phosphorus,mol/kg,,,,,,,,,,,,,,,,,y,,,,,,,,
q_p_2_n_Sm,P:N ratio of Small Phyto,mol P/mol N,,,,,,,,,,,,,,,,,y,,,,,,,,
q_p_2_n_Md,P:N ratio of Medium Phyto,mol P/mol N,,,,,,,,,,,,,,,,,y,,,,,,,,
q_p_2_n_Lg,P:N ratio of Large Phyto,mol P/mol N,,,,,,,,,,,,,,,,,y,,,,,,,,
q_p_2_n_Di,P:N ratio of Diaz. Phyto,mol P/mol N,,,,,,,,,,,,,,,,,y,,,,,,,,
silg,Large Phytoplankton Silicon,mol/kg,,,,,,,,,,,,,,,,,y,,,,,,,,
simd,Medium Phytoplankton Silicon,mol/kg,,,,,,,,,,,,,,,,,y,,,,,,,,
chl,Chlorophyll,ug kg-1,,,,,,,,,,,,,,,,,y,,,,,,,,
chl_Lg,Large Phyto. Chlorophyll,ug Kg-1,,,,,,,,,,,,,,,,,y,,,,,,,,
chl_Md,Medium Phyto. Chlorophyll,ug Kg-1,,,,,,,,,,,,,,,,,y,,,,,,,,
chl_Sm,Small Phyto. Chlorophyll,ug Kg-1,,,,,,,,,,,,,,,,,y,,,,,,,,
chl_Di,Diaz. Phyto. Chlorophyll,ug Kg-1,,,,,,,,,,,,,,,,,y,,,,,,,,
mu_Lg,Large Phyto. Overall Growth Rate,s-1,,,,,,,,,,,,,,,,,y,,,,,,,,
mu_Md,Medium Phyto. Overall Growth Rate,s-1,,,,,,,,,,,,,,,,,y,,,,,,,,
mu_Sm,Small Phyto. Growth Rate,s-1,,,,,,,,,,,,,,,,,y,,,,,,,,
mu_Di,Diaz. Phyto. Overall Growth Rate,s-1,,,,,,,,,,,,,,,,,y,,,,,,,,
irrlim_Lg,Large Phyto. Light Limitation,dimensionless,,,,,,,,,,,,,,,,,y,,,,,,,,
irrlim_Md,Medium Phyto. Light Limitation,dimensionless,,,,,,,,,,,,,,,,,y,,,,,,,,
irrlim_Sm,Small Phyto. Light Limitation,dimensionless,,,,,,,,,,,,,,,,,y,,,,,,,,
irrlim_Di,Diaz. Phyto. Light Limitation,dimensionless,,,,,,,,,,,,,,,,,y,,,,,,,,
nbact,bacterial,mol/kg,,,,,,,,,,,,,,,,,y,,,,,,,,
nsmz,Small Zooplankton Nitrogen,mol/kg,,,,,,,,,,,,,,,,,y,,,,,,,,
nmdz,Medium-sized zooplankton Nitrogen,mol/kg,,,,,,,,,,,,,,,,,y,,,,,,,,
nlgz,large Zooplankton Nitrogen,mol/kg,,,,,,,,,,,,,,,,,y,,,,,,,,
po4,Phosphate,mol/kg,,,,,,,,,,,,,,,,,y,,,,,,,,
nh4,Ammonia,mol/kg,,,,,,,,,,,,,,,,,y,,,,,,,,
fed,Dissolved Iron,mol/kg,,,,,,,,,,,,,,,,,y,,,,,,,,
fedet,Detrital Iron,mol/kg,,,,,,,,,,,,,,,,,y,,,,,,,,
ndet,ndet,mol/kg,,,,,,,,,,,,,,,,,y,,,,,,,,
feprime,Free iron concentration,mol kg-1,,,,,,,,,,,,,,,,,y,,,,,,,,
theta_Lg,Large Phyto. Chl:C,g Chl (g C)-1,,,,,,,,,,,,,,,,,y,,,,,,,,
theta_Md,Medium Phyto. Chl:C,g Chl (g C)-1,,,,,,,,,,,,,,,,,y,,,,,,,,
theta_Sm,Small Phyto. Chl:C,g Chl (g C)-1,,,,,,,,,,,,,,,,,y,,,,,,,,
theta_Di,Diaz. Phyto. Chl:C,g Chl (g C)-1,,,,,,,,,,,,,,,,,y,,,,,,,,
irr_mix,"Instantaneous light, avg over mixing layer",W m-2,,,,,,,,,,,,,,,,,y,,,,,,,,
irr_inst,Instantaneous Light,W m-2,,,,,,,,,,,,,,,,,y,,,,,,,,
vmove_Di,Diaz. Phyto. movement,m s-1,,,,,,,,,,,,,,,,,y,,,,,,,,
vmove_Sm,Small Phyto. movement,m s-1,,,,,,,,,,,,,,,,,y,,,,,,,,
vmove_Md,Medium Phyto. movement,m s-1,,,,,,,,,,,,,,,,,y,,,,,,,,
vmove_Lg,Large Phyto. movement,m s-1,,,,,,,,,,,,,,,,,y,,,,,,,,
dissic,Dissolved Inorganic Carbon Concentration,mol m-3,,,,,,,,,,,,,,,,,y,,,,,,,,
dissoc,Dissolved Organic Carbon Concentration,mol m-3,,,,,,,,,,,,,,,,,y,,,,,,,,
talk,Total Alkalinity,mol m-3,,,,,,,,,,,,,,,,,y,,,,,,,,
si,Total Dissolved Inorganic Silicon Concentration,mol m-3,,,,,,,,,,,,,,,,,y,,,,,,,,
co3,Carbonate Ion Concentration,mol m-3,,,,,,,,,,,,,,,,,y,,,,,,,,
sshmin,Sea Surface Height,m,,,,,,,,,,,,,,,,,,y,,,,,,,
sshmax,Sea Surface Height,m,,,,,,,,,,,,,,,,,,y,,,,,,,
tosmin,Sea Surface Temperature,degC,,,,,,,,,,,,,,,,,,y,,,,,,,
tosmax,Sea Surface Temperature,degC,,,,,,,,,,,,,,,,,,y,,,,,,,
ssu,Sea Surface Zonal Velocity,m s-1,,,,,,,,,,,,,,,,,,y,,,,,,,
ssv,Sea Surface Meridional Velocity,m s-1,,,,,,,,,,,,,,,,,,y,,,,,,,
omldamax,Surface boundary layer depth,m,,,,,,,,,,,,,,,,,,y,,,,,,,
zos,Sea surface height above geoid,m,,,,,,,,,,,,,,,,,,,y,,,,,,
S_adx_2d,Vertically Integrated Advective Zonal Flux of Salt,psu m3 s-1,,,,,,,,,,,,,,,,,,,y,,,,,,
S_ady_2d,Vertically Integrated Advective Meridional Flux of Salt,psu m3 s-1,,,,,,,,,,,,,,,,,,,y,,,,,,
ficeberg,Water Flux into Seawater from Icebergs,kg m-2 s-1,,,,,,,,,,,,,,,,,,,y,,,,,,
fsitherm,water flux to ocean from sea ice melt(> 0) or form(< 0),kg m-2 s-1,,,,,,,,,,,,,,,,,,,y,,,,,,
hfibthermds,Latent Heat to Melt Frozen Runoff/Iceberg,W m-2,,,,,,,,,,,,,,,,,,,y,,,,,,
MLD_restrat,Mixed Layer Depth as used in the mixed-layer restratification parameterization,m,,,,,,,,,,,,,,,,,,,y,,,,,,
udml_restrat,Transport stream function amplitude for zonal restratification of mixed layer,m3 s-1,,,,,,,,,,,,,,,,,,,y,,,,,,
vdml_restrat,Transport stream function amplitude for meridional restratification of mixed layer,m3 s-1,,,,,,,,,,,,,,,,,,,y,,,,,,
uml_restrat,Surface zonal velocity component of mixed layer restratification,m s-1,,,,,,,,,,,,,,,,,,,y,,,,,,
vml_restrat,Surface meridional velocity component of mixed layer restratification,m s-1,,,,,,,,,,,,,,,,,,,y,,,,,,
areacello,Ocean Grid-Cell Area,m2,,,,,,,,,,,,,,,,,,,,,,y,,,
deptho,Sea Floor Depth,m,,,,,,,,,,,,,,,,,,,,,,y,,,
sftof,Sea Area Fraction,%,,,,,,,,,,,,,,,,,,,,,,y,,,
Coriolis,Coriolis parameter at corner (Bu) points,s-1,,,,,,,,,,,,,,,,,,,,,,y,,,
geolon,Longitude of tracer (T) points,degrees_east,,,,,,,,,,,,,,,,,,,,,,y,,,
geolat,Latitude of tracer (T) points,degrees_north,,,,,,,,,,,,,,,,,,,,,,y,,,
geolon_c,Longitude of corner (Bu) points,degrees_east,,,,,,,,,,,,,,,,,,,,,,y,,,
geolat_c,Latitude of corner (Bu) points,degrees_north,,,,,,,,,,,,,,,,,,,,,,y,,,
geolon_u,Longitude of zonal velocity (Cu) points,degrees_east,,,,,,,,,,,,,,,,,,,,,,y,,,
geolat_u,Latitude of zonal velocity (Cu) points,degrees_north,,,,,,,,,,,,,,,,,,,,,,y,,,
geolon_v,Longitude of meridional velocity (Cv) points,degrees_east,,,,,,,,,,,,,,,,,,,,,,y,,,
geolat_v,Latitude of meridional velocity (Cv) points,degrees_north,,,,,,,,,,,,,,,,,,,,,,y,,,
wet,"0 if land, 1 if ocean at tracer points",N/A,,,,,,,,,,,,,,,,,,,,,,y,,,
wet_c,"0 if land, 1 if ocean at corner (Bu) points",N/A,,,,,,,,,,,,,,,,,,,,,,y,,,
wet_u,"0 if land, 1 if ocean at zonal velocity (Cu) points",N/A,,,,,,,,,,,,,,,,,,,,,,y,,,
wet_v,"0 if land, 1 if ocean at meridional velocity (Cv) points",N/A,,,,,,,,,,,,,,,,,,,,,,y,,,
dxt,Delta(x) at thickness/tracer points (meter),m,,,,,,,,,,,,,,,,,,,,,,y,,,
dyt,Delta(y) at thickness/tracer points (meter),m,,,,,,,,,,,,,,,,,,,,,,y,,,
dxCu,Delta(x) at u points (meter),m,,,,,,,,,,,,,,,,,,,,,,y,,,
dyCu,Delta(y) at u points (meter),m,,,,,,,,,,,,,,,,,,,,,,y,,,
dxCv,Delta(x) at v points (meter),m,,,,,,,,,,,,,,,,,,,,,,y,,,
dyCv,Delta(y) at v points (meter),m,,,,,,,,,,,,,,,,,,,,,,y,,,
areacello_cu,Ocean Grid-Cell Area,m2,,,,,,,,,,,,,,,,,,,,,,y,,,
areacello_cv,Ocean Grid-Cell Area,m2,,,,,,,,,,,,,,,,,,,,,,y,,,
areacello_bu,Ocean Grid-Cell Area,m2,,,,,,,,,,,,,,,,,,,,,,y,,,
geolatb,latitude at corner (Bu) points,degree,,,,,,,,,,,,,,,,,,,,,,,y,,
geolonb,longitude at corner (Bu) points,degree,,,,,,,,,,,,,,,,,,,,,,,y,,
geolat,latitude at tracer (T) points,degree,,,,,,,,,,,,,,,,,,,,,,,y,,
geolon,longitude at tracer (T) points,degree,,,,,,,,,,,,,,,,,,,,,,,y,,
D,Basin Depth,meter,,,,,,,,,,,,,,,,,,,,,,,y,,
f,Coriolis Parameter,s-1,,,,,,,,,,,,,,,,,,,,,,,y,,
dxCv,Zonal grid spacing at v points,m,,,,,,,,,,,,,,,,,,,,,,,y,,
dyCu,Meridional grid spacing at u points,m,,,,,,,,,,,,,,,,,,,,,,,y,,
dxCu,Zonal grid spacing at u points,m,,,,,,,,,,,,,,,,,,,,,,,y,,
dyCv,Meridional grid spacing at v points,m,,,,,,,,,,,,,,,,,,,,,,,y,,
dxT,Zonal grid spacing at h points,m,,,,,,,,,,,,,,,,,,,,,,,y,,
dyT,Meridional grid spacing at h points,m,,,,,,,,,,,,,,,,,,,,,,,y,,
dxBu,Zonal grid spacing at q points,m,,,,,,,,,,,,,,,,,,,,,,,y,,
dyBu,Meridional grid spacing at q points,m,,,,,,,,,,,,,,,,,,,,,,,y,,
Ah,Area of h cells,m2,,,,,,,,,,,,,,,,,,,,,,,y,,
Aq,Area of q cells,m2,,,,,,,,,,,,,,,,,,,,,,,y,,
dxCvo,Open zonal grid spacing at v points,m,,,,,,,,,,,,,,,,,,,,,,,y,,
dyCuo,Open meridional grid spacing at u points,m,,,,,,,,,,,,,,,,,,,,,,,y,,
wet,land or ocean?,nondim,,,,,,,,,,,,,,,,,,,,,,,y,,
,,,,,,,,,,,,,,,,,,,,,,,,,,,
,,,,,,,,,,,,,,,,,,,,,,,,,,,
,,,,,,,,,,,,,,,,,,,,,,,,,,,
,,,,,,,,,,,,,,,,,,,,,,,,,,,
,,,,,,,,,,,,,,,,,,,,,,,,,,,
,,,,,,,,,,,,,,,,,,,,,,,,,,,
,,,,,,,,,,,,,,,,,,,,,,,,,,,
,,,,,,,,,,,,,,,,,,,,,,,,,,,
,,,,,,,,,,,,,,,,,,,,,,,,,,,
,,,,,,,,,,,,,,,,,,,,,,,,,,,
,,,,,,,,,,,,,,,,,,,,,,,,,,,
,,,,,,,,,,,,,,,,,,,,,,,,,,,
,,,,,,,,,,,,,,,,,,,,,,,,,,,
,,,,,,,,,,,,,,,,,,,,,,,,,,,
,,,,,,,,,,,,,,,,,,,,,,,,,,,
,,,,,,,,,,,,,,,,,,,,,,,,,,,
,,,,,,,,,,,,,,,,,,,,,,,,,,,
,,,,,,,,,,,,,,,,,,,,,,,,,,,
,,,,,,,,,,,,,,,,,,,,,,,,,,,
,,,,,,,,,,,,,,,,,,,,,,,,,,,
,,,,,,,,,,,,,,,,,,,,,,,,,,,
,,,,,,,,,,,,,,,,,,,,,,,,,,,
,,,,,,,,,,,,,,,,,,,,,,,,,,,
,,,,,,,,,,,,,,,,,,,,,,,,,,,
,,,,,,,,,,,,,,,,,,,,,,,,,,,
,,,,,,,,,,,,,,,,,,,,,,,,,,,
,,,,,,,,,,,,,,,,,,,,,,,,,,,
,,,,,,,,,,,,,,,,,,,,,,,,,,,
,,,,,,,,,,,,,,,,,,,,,,,,,,,
,,,,,,,,,,,,,,,,,,,,,,,,,,,
,,,,,,,,,,,,,,,,,,,,,,,,,,,
,,,,,,,,,,,,,,,,,,,,,,,,,,,
,,,,,,,,,,,,,,,,,,,,,,,,,,,
,,,,,,,,,,,,,,,,,,,,,,,,,,,
,,,,,,,,,,,,,,,,,,,,,,,,,,,
,,,,,,,,,,,,,,,,,,,,,,,,,,,
,,,,,,,,,,,,,,,,,,,,,,,,,,,
,,,,,,,,,,,,,,,,,,,,,,,,,,,
,,,,,,,,,,,,,,,,,,,,,,,,,,,
,,,,,,,,,,,,,,,,,,,,,,,,,,,
,,,,,,,,,,,,,,,,,,,,,,,,,,,
,,,,,,,,,,,,,,,,,,,,,,,,,,,
,,,,,,,,,,,,,,,,,,,,,,,,,,,
,,,,,,,,,,,,,,,,,,,,,,,,,,,
,,,,,,,,,,,,,,,,,,,,,,,,,,,
,,,,,,,,,,,,,,,,,,,,,,,,,,,
,,,,,,,,,,,,,,,,,,,,,,,,,,,
,,,,,,,,,,,,,,,,,,,,,,,,,,,
,,,,,,,,,,,,,,,,,,,,,,,,,,,
,,,,,,,,,,,,,,,,,,,,,,,,,,,
,,,,,,,,,,,,,,,,,,,,,,,,,,,
,,,,,,,,,,,,,,,,,,,,,,,,,,,
,,,,,,,,,,,,,,,,,,,,,,,,,,,
,,,,,,,,,,,,,,,,,,,,,,,,,,,
,,,,,,,,,,,,,,,,,,,,,,,,,,,
,,,,,,,,,,,,,,,,,,,,,,,,,,,
,,,,,,,,,,,,,,,,,,,,,,,,,,,
,,,,,,,,,,,,,,,,,,,,,,,,,,,
,,,,,,,,,,,,,,,,,,,,,,,,,,,
,,,,,,,,,,,,,,,,,,,,,,,,,,,
,,,,,,,,,,,,,,,,,,,,,,,,,,,
,,,,,,,,,,,,,,,,,,,,,,,,,,,
,,,,,,,,,,,,,,,,,,,,,,,,,,,
,,,,,,,,,,,,,,,,,,,,,,,,,,,
,,,,,,,,,,,,,,,,,,,,,,,,,,,
,,,,,,,,,,,,,,,,,,,,,,,,,,,
,,,,,,,,,,,,,,,,,,,,,,,,,,,
,,,,,,,,,,,,,,,,,,,,,,,,,,,
,,,,,,,,,,,,,,,,,,,,,,,,,,,
,,,,,,,,,,,,,,,,,,,,,,,,,,,
,,,,,,,,,,,,,,,,,,,,,,,,,,,
,,,,,,,,,,,,,,,,,,,,,,,,,,,
,,,,,,,,,,,,,,,,,,,,,,,,,,,
,,,,,,,,,,,,,,,,,,,,,,,,,,,
,,,,,,,,,,,,,,,,,,,,,,,,,,,
,,,,,,,,,,,,,,,,,,,,,,,,,,,
,,,,,,,,,,,,,,,,,,,,,,,,,,,
,,,,,,,,,,,,,,,,,,,,,,,,,,,
,,,,,,,,,,,,,,,,,,,,,,,,,,,
,,,,,,,,,,,,,,,,,,,,,,,,,,,
,,,,,,,,,,,,,,,,,,,,,,,,,,,
,,,,,,,,,,,,,,,,,,,,,,,,,,,
,,,,,,,,,,,,,,,,,,,,,,,,,,,
,,,,,,,,,,,,,,,,,,,,,,,,,,,
,,,,,,,,,,,,,,,,,,,,,,,,,,,
,,,,,,,,,,,,,,,,,,,,,,,,,,,
,,,,,,,,,,,,,,,,,,,,,,,,,,,
,,,,,,,,,,,,,,,,,,,,,,,,,,,
,,,,,,,,,,,,,,,,,,,,,,,,,,,
,,,,,,,,,,,,,,,,,,,,,,,,,,,
,,,,,,,,,,,,,,,,,,,,,,,,,,,
,,,,,,,,,,,,,,,,,,,,,,,,,,,
,,,,,,,,,,,,,,,,,,,,,,,,,,,
,,,,,,,,,,,,,,,,,,,,,,,,,,,
,,,,,,,,,,,,,,,,,,,,,,,,,,,
,,,,,,,,,,,,,,,,,,,,,,,,,,,
,,,,,,,,,,,,,,,,,,,,,,,,,,,
,,,,,,,,,,,,,,,,,,,,,,,,,,,
,,,,,,,,,,,,,,,,,,,,,,,,,,,
,,,,,,,,,,,,,,,,,,,,,,,,,,,
,,,,,,,,,,,,,,,,,,,,,,,,,,,
,,,,,,,,,,,,,,,,,,,,,,,,,,,
,,,,,,,,,,,,,,,,,,,,,,,,,,,
,,,,,,,,,,,,,,,,,,,,,,,,,,,
,,,,,,,,,,,,,,,,,,,,,,,,,,,
,,,,,,,,,,,,,,,,,,,,,,,,,,,
,,,,,,,,,,,,,,,,,,,,,,,,,,,
,,,,,,,,,,,,,,,,,,,,,,,,,,,
,,,,,,,,,,,,,,,,,,,,,,,,,,,
,,,,,,,,,,,,,,,,,,,,,,,,,,,
,,,,,,,,,,,,,,,,,,,,,,,,,,,
,,,,,,,,,,,,,,,,,,,,,,,,,,,
,,,,,,,,,,,,,,,,,,,,,,,,,,,
,,,,,,,,,,,,,,,,,,,,,,,,,,,
,,,,,,,,,,,,,,,,,,,,,,,,,,,
,,,,,,,,,,,,,,,,,,,,,,,,,,,
,,,,,,,,,,,,,,,,,,,,,,,,,,,
,,,,,,,,,,,,,,,,,,,,,,,,,,,
,,,,,,,,,,,,,,,,,,,,,,,,,,,
,,,,,,,,,,,,,,,,,,,,,,,,,,,
,,,,,,,,,,,,,,,,,,,,,,,,,,,
,,,,,,,,,,,,,,,,,,,,,,,,,,,
,,,,,,,,,,,,,,,,,,,,,,,,,,,
,,,,,,,,,,,,,,,,,,,,,,,,,,,
,,,,,,,,,,,,,,,,,,,,,,,,,,,
,,,,,,,,,,,,,,,,,,,,,,,,,,,
,,,,,,,,,,,,,,,,,,,,,,,,,,,
,,,,,,,,,,,,,,,,,,,,,,,,,,,
,,,,,,,,,,,,,,,,,,,,,,,,,,,
,,,,,,,,,,,,,,,,,,,,,,,,,,,
,,,,,,,,,,,,,,,,,,,,,,,,,,,
,,,,,,,,,,,,,,,,,,,,,,,,,,,
,,,,,,,,,,,,,,,,,,,,,,,,,,,
,,,,,,,,,,,,,,,,,,,,,,,,,,,
,,,,,,,,,,,,,,,,,,,,,,,,,,,
,,,,,,,,,,,,,,,,,,,,,,,,,,,
,,,,,,,,,,,,,,,,,,,,,,,,,,,
,,,,,,,,,,,,,,,,,,,,,,,,,,,
,,,,,,,,,,,,,,,,,,,,,,,,,,,
,,,,,,,,,,,,,,,,,,,,,,,,,,,
,,,,,,,,,,,,,,,,,,,,,,,,,,,
,,,,,,,,,,,,,,,,,,,,,,,,,,,
,,,,,,,,,,,,,,,,,,,,,,,,,,,
,,,,,,,,,,,,,,,,,,,,,,,,,,,
,,,,,,,,,,,,,,,,,,,,,,,,,,,
,,,,,,,,,,,,,,,,,,,,,,,,,,,
,,,,,,,,,,,,,,,,,,,,,,,,,,,
,,,,,,,,,,,,,,,,,,,,,,,,,,,
,,,,,,,,,,,,,,,,,,,,,,,,,,,
,,,,,,,,,,,,,,,,,,,,,,,,,,,
,,,,,,,,,,,,,,,,,,,,,,,,,,,
,,,,,,,,,,,,,,,,,,,,,,,,,,,
,,,,,,,,,,,,,,,,,,,,,,,,,,,
,,,,,,,,,,,,,,,,,,,,,,,,,,,
,,,,,,,,,,,,,,,,,,,,,,,,,,,
,,,,,,,,,,,,,,,,,,,,,,,,,,,
,,,,,,,,,,,,,,,,,,,,,,,,,,,
,,,,,,,,,,,,,,,,,,,,,,,,,,,
,,,,,,,,,,,,,,,,,,,,,,,,,,,
,,,,,,,,,,,,,,,,,,,,,,,,,,,
,,,,,,,,,,,,,,,,,,,,,,,,,,,
,,,,,,,,,,,,,,,,,,,,,,,,,,,
,,,,,,,,,,,,,,,,,,,,,,,,,,,
,,,,,,,,,,,,,,,,,,,,,,,,,,,
,,,,,,,,,,,,,,,,,,,,,,,,,,,
,,,,,,,,,,,,,,,,,,,,,,,,,,,
,,,,,,,,,,,,,,,,,,,,,,,,,,,
,,,,,,,,,,,,,,,,,,,,,,,,,,,
,,,,,,,,,,,,,,,,,,,,,,,,,,,
,,,,,,,,,,,,,,,,,,,,,,,,,,,
,,,,,,,,,,,,,,,,,,,,,,,,,,,
,,,,,,,,,,,,,,,,,,,,,,,,,,,
,,,,,,,,,,,,,,,,,,,,,,,,,,,
,,,,,,,,,,,,,,,,,,,,,,,,,,,
,,,,,,,,,,,,,,,,,,,,,,,,,,,
,,,,,,,,,,,,,,,,,,,,,,,,,,,
,,,,,,,,,,,,,,,,,,,,,,,,,,,
,,,,,,,,,,,,,,,,,,,,,,,,,,,
,,,,,,,,,,,,,,,,,,,,,,,,,,,
,,,,,,,,,,,,,,,,,,,,,,,,,,,
,,,,,,,,,,,,,,,,,,,,,,,,,,,
,,,,,,,,,,,,,,,,,,,,,,,,,,,
,,,,,,,,,,,,,,,,,,,,,,,,,,,
,,,,,,,,,,,,,,,,,,,,,,,,,,,
,,,,,,,,,,,,,,,,,,,,,,,,,,,
,,,,,,,,,,,,,,,,,,,,,,,,,,,
,,,,,,,,,,,,,,,,,,,,,,,,,,,
,,,,,,,,,,,,,,,,,,,,,,,,,,,
,,,,,,,,,,,,,,,,,,,,,,,,,,,
,,,,,,,,,,,,,,,,,,,,,,,,,,,
,,,,,,,,,,,,,,,,,,,,,,,,,,,
,,,,,,,,,,,,,,,,,,,,,,,,,,,
,,,,,,,,,,,,,,,,,,,,,,,,,,,
,,,,,,,,,,,,,,,,,,,,,,,,,,,
,,,,,,,,,,,,,,,,,,,,,,,,,,,
,,,,,,,,,,,,,,,,,,,,,,,,,,,
,,,,,,,,,,,,,,,,,,,,,,,,,,,
,,,,,,,,,,,,,,,,,,,,,,,,,,,
,,,,,,,,,,,,,,,,,,,,,,,,,,,
,,,,,,,,,,,,,,,,,,,,,,,,,,,
,,,,,,,,,,,,,,,,,,,,,,,,,,,
,,,,,,,,,,,,,,,,,,,,,,,,,,,
,,,,,,,,,,,,,,,,,,,,,,,,,,,
,,,,,,,,,,,,,,,,,,,,,,,,,,,
,,,,,,,,,,,,,,,,,,,,,,,,,,,
,,,,,,,,,,,,,,,,,,,,,,,,,,,
,,,,,,,,,,,,,,,,,,,,,,,,,,,
,,,,,,,,,,,,,,,,,,,,,,,,,,,
,,,,,,,,,,,,,,,,,,,,,,,,,,,
,,,,,,,,,,,,,,,,,,,,,,,,,,,
,,,,,,,,,,,,,,,,,,,,,,,,,,,
,,,,,,,,,,,,,,,,,,,,,,,,,,,
,,,,,,,,,,,,,,,,,,,,,,,,,,,
,,,,,,,,,,,,,,,,,,,,,,,,,,,
,,,,,,,,,,,,,,,,,,,,,,,,,,,
,,,,,,,,,,,,,,,,,,,,,,,,,,,
,,,,,,,,,,,,,,,,,,,,,,,,,,,
,,,,,,,,,,,,,,,,,,,,,,,,,,,
,,,,,,,,,,,,,,,,,,,,,,,,,,,
,,,,,,,,,,,,,,,,,,,,,,,,,,,
,,,,,,,,,,,,,,,,,,,,,,,,,,,
,,,,,,,,,,,,,,,,,,,,,,,,,,,
,,,,,,,,,,,,,,,,,,,,,,,,,,,
,,,,,,,,,,,,,,,,,,,,,,,,,,,
,,,,,,,,,,,,,,,,,,,,,,,,,,,
,,,,,,,,,,,,,,,,,,,,,,,,,,,
,,,,,,,,,,,,,,,,,,,,,,,,,,,
,,,,,,,,,,,,,,,,,,,,,,,,,,,
,,,,,,,,,,,,,,,,,,,,,,,,,,,
,,,,,,,,,,,,,,,,,,,,,,,,,,,
,,,,,,,,,,,,,,,,,,,,,,,,,,,
,,,,,,,,,,,,,,,,,,,,,,,,,,,
,,,,,,,,,,,,,,,,,,,,,,,,,,,
,,,,,,,,,,,,,,,,,,,,,,,,,,,
,,,,,,,,,,,,,,,,,,,,,,,,,,,
,,,,,,,,,,,,,,,,,,,,,,,,,,,
,,,,,,,,,,,,,,,,,,,,,,,,,,,
,,,,,,,,,,,,,,,,,,,,,,,,,,,
,,,,,,,,,,,,,,,,,,,,,,,,,,,
,,,,,,,,,,,,,,,,,,,,,,,,,,,
,,,,,,,,,,,,,,,,,,,,,,,,,,,
,,,,,,,,,,,,,,,,,,,,,,,,,,,
,,,,,,,,,,,,,,,,,,,,,,,,,,,
,,,,,,,,,,,,,,,,,,,,,,,,,,,
,,,,,,,,,,,,,,,,,,,,,,,,,,,
,,,,,,,,,,,,,,,,,,,,,,,,,,,
,,,,,,,,,,,,,,,,,,,,,,,,,,,
,,,,,,,,,,,,,,,,,,,,,,,,,,,
,,,,,,,,,,,,,,,,,,,,,,,,,,,
,,,,,,,,,,,,,,,,,,,,,,,,,,,
,,,,,,,,,,,,,,,,,,,,,,,,,,,
,,,,,,,,,,,,,,,,,,,,,,,,,,,
,,,,,,,,,,,,,,,,,,,,,,,,,,,
,,,,,,,,,,,,,,,,,,,,,,,,,,,
,,,,,,,,,,,,,,,,,,,,,,,,,,,
,,,,,,,,,,,,,,,,,,,,,,,,,,,
,,,,,,,,,,,,,,,,,,,,,,,,,,,
,,,,,,,,,,,,,,,,,,,,,,,,,,,
,,,,,,,,,,,,,,,,,,,,,,,,,,,
,,,,,,,,,,,,,,,,,,,,,,,,,,,
,,,,,,,,,,,,,,,,,,,,,,,,,,,
,,,,,,,,,,,,,,,,,,,,,,,,,,,
,,,,,,,,,,,,,,,,,,,,,,,,,,,
,,,,,,,,,,,,,,,,,,,,,,,,,,,
,,,,,,,,,,,,,,,,,,,,,,,,,,,
,,,,,,,,,,,,,,,,,,,,,,,,,,,
,,,,,,,,,,,,,,,,,,,,,,,,,,,
,,,,,,,,,,,,,,,,,,,,,,,,,,,
,,,,,,,,,,,,,,,,,,,,,,,,,,,
,,,,,,,,,,,,,,,,,,,,,,,,,,,
,,,,,,,,,,,,,,,,,,,,,,,,,,,
,,,,,,,,,,,,,,,,,,,,,,,,,,,
,,,,,,,,,,,,,,,,,,,,,,,,,,,
,,,,,,,,,,,,,,,,,,,,,,,,,,,
,,,,,,,,,,,,,,,,,,,,,,,,,,,
,,,,,,,,,,,,,,,,,,,,,,,,,,,
,,,,,,,,,,,,,,,,,,,,,,,,,,,
,,,,,,,,,,,,,,,,,,,,,,,,,,,
,,,,,,,,,,,,,,,,,,,,,,,,,,,
,,,,,,,,,,,,,,,,,,,,,,,,,,,
,,,,,,,,,,,,,,,,,,,,,,,,,,,
,,,,,,,,,,,,,,,,,,,,,,,,,,,
,,,,,,,,,,,,,,,,,,,,,,,,,,,
,,,,,,,,,,,,,,,,,,,,,,,,,,,
,,,,,,,,,,,,,,,,,,,,,,,,,,,
,,,,,,,,,,,,,,,,,,,,,,,,,,,
,,,,,,,,,,,,,,,,,,,,,,,,,,,
,,,,,,,,,,,,,,,,,,,,,,,,,,,
,,,,,,,,,,,,,,,,,,,,,,,,,,,
,,,,,,,,,,,,,,,,,,,,,,,,,,,
,,,,,,,,,,,,,,,,,,,,,,,,,,,
,,,,,,,,,,,,,,,,,,,,,,,,,,,
,,,,,,,,,,,,,,,,,,,,,,,,,,,
,,,,,,,,,,,,,,,,,,,,,,,,,,,
,,,,,,,,,,,,,,,,,,,,,,,,,,,
,,,,,,,,,,,,,,,,,,,,,,,,,,,
,,,,,,,,,,,,,,,,,,,,,,,,,,,
,,,,,,,,,,,,,,,,,,,,,,,,,,,
,,,,,,,,,,,,,,,,,,,,,,,,,,,
,,,,,,,,,,,,,,,,,,,,,,,,,,,
,,,,,,,,,,,,,,,,,,,,,,,,,,,
,,,,,,,,,,,,,,,,,,,,,,,,,,,
,,,,,,,,,,,,,,,,,,,,,,,,,,,
,,,,,,,,,,,,,,,,,,,,,,,,,,,
,,,,,,,,,,,,,,,,,,,,,,,,,,,
,,,,,,,,,,,,,,,,,,,,,,,,,,,
,,,,,,,,,,,,,,,,,,,,,,,,,,,
,,,,,,,,,,,,,,,,,,,,,,,,,,,
,,,,,,,,,,,,,,,,,,,,,,,,,,,
,,,,,,,,,,,,,,,,,,,,,,,,,,,
,,,,,,,,,,,,,,,,,,,,,,,,,,,
,,,,,,,,,,,,,,,,,,,,,,,,,,,
,,,,,,,,,,,,,,,,,,,,,,,,,,,
,,,,,,,,,,,,,,,,,,,,,,,,,,,
,,,,,,,,,,,,,,,,,,,,,,,,,,,
,,,,,,,,,,,,,,,,,,,,,,,,,,,
,,,,,,,,,,,,,,,,,,,,,,,,,,,
,,,,,,,,,,,,,,,,,,,,,,,,,,,
,,,,,,,,,,,,,,,,,,,,,,,,,,,
,,,,,,,,,,,,,,,,,,,,,,,,,,,
,,,,,,,,,,,,,,,,,,,,,,,,,,,
,,,,,,,,,,,,,,,,,,,,,,,,,,,
,,,,,,,,,,,,,,,,,,,,,,,,,,,
,,,,,,,,,,,,,,,,,,,,,,,,,,,
,,,,,,,,,,,,,,,,,,,,,,,,,,,
,,,,,,,,,,,,,,,,,,,,,,,,,,,
,,,,,,,,,,,,,,,,,,,,,,,,,,,
,,,,,,,,,,,,,,,,,,,,,,,,,,,
,,,,,,,,,,,,,,,,,,,,,,,,,,,
,,,,,,,,,,,,,,,,,,,,,,,,,,,
,,,,,,,,,,,,,,,,,,,,,,,,,,,
,,,,,,,,,,,,,,,,,,,,,,,,,,,
,,,,,,,,,,,,,,,,,,,,,,,,,,,
,,,,,,,,,,,,,,,,,,,,,,,,,,,
,,,,,,,,,,,,,,,,,,,,,,,,,,,
,,,,,,,,,,,,,,,,,,,,,,,,,,,
,,,,,,,,,,,,,,,,,,,,,,,,,,,
,,,,,,,,,,,,,,,,,,,,,,,,,,,
,,,,,,,,,,,,,,,,,,,,,,,,,,,
,,,,,,,,,,,,,,,,,,,,,,,,,,,
,,,,,,,,,,,,,,,,,,,,,,,,,,,
,,,,,,,,,,,,,,,,,,,,,,,,,,,
,,,,,,,,,,,,,,,,,,,,,,,,,,,
,,,,,,,,,,,,,,,,,,,,,,,,,,,
,,,,,,,,,,,,,,,,,,,,,,,,,,,
,,,,,,,,,,,,,,,,,,,,,,,,,,,
,,,,,,,,,,,,,,,,,,,,,,,,,,,
,,,,,,,,,,,,,,,,,,,,,,,,,,,
,,,,,,,,,,,,,,,,,,,,,,,,,,,
,,,,,,,,,,,,,,,,,,,,,,,,,,,
,,,,,,,,,,,,,,,,,,,,,,,,,,,
,,,,,,,,,,,,,,,,,,,,,,,,,,,
,,,,,,,,,,,,,,,,,,,,,,,,,,,
,,,,,,,,,,,,,,,,,,,,,,,,,,,
,,,,,,,,,,,,,,,,,,,,,,,,,,,
,,,,,,,,,,,,,,,,,,,,,,,,,,,
,,,,,,,,,,,,,,,,,,,,,,,,,,,
,,,,,,,,,,,,,,,,,,,,,,,,,,,
,,,,,,,,,,,,,,,,,,,,,,,,,,,
,,,,,,,,,,,,,,,,,,,,,,,,,,,
,,,,,,,,,,,,,,,,,,,,,,,,,,,
,,,,,,,,,,,,,,,,,,,,,,,,,,,
,,,,,,,,,,,,,,,,,,,,,,,,,,,
,,,,,,,,,,,,,,,,,,,,,,,,,,,
,,,,,,,,,,,,,,,,,,,,,,,,,,,
,,,,,,,,,,,,,,,,,,,,,,,,,,,
,,,,,,,,,,,,,,,,,,,,,,,,,,,
,,,,,,,,,,,,,,,,,,,,,,,,,,,
,,,,,,,,,,,,,,,,,,,,,,,,,,,
,,,,,,,,,,,,,,,,,,,,,,,,,,,
,,,,,,,,,,,,,,,,,,,,,,,,,,,
,,,,,,,,,,,,,,,,,,,,,,,,,,,
,,,,,,,,,,,,,,,,,,,,,,,,,,,
,,,,,,,,,,,,,,,,,,,,,,,,,,,
,,,,,,,,,,,,,,,,,,,,,,,,,,,
,,,,,,,,,,,,,,,,,,,,,,,,,,,